{
"type": "FeatureCollection",
"name": "moct_link_sample",
"features": [
{ "type": "Feature", "properties": { "LINK_ID": "1020009906", "F_NODE": "1020025304", "T_NODE": "1020025303", "LANES": 1, "ROAD_RANK": "104", "ROAD_TYPE": "000", "ROAD_NO": "-", "ROAD_NAME": "대사관로", "ROAD_USE": "0", "MULTI_LINK": "0", "CONNECT": "0", "MAX_SPD": 30, "REST_VEH": "0", "REST_W": 0, "REST_H": 0, "C-ITS": "0", "LENGTH": 12.000055714839, "UPDATEDATE": "20250512", "REMARK": null, "HIST_TYPE": "LINK0001", "HISTREMARK": null }, "geometry": { "type": "LineString", "coordinates": [ [ 199879.963125342386775, 548417.360708237043582 ], [ 199887.426720791991102, 548407.964108845568262 ] ] } },
{ "type": "Feature", "properties": { "LINK_ID": "1020018905", "F_NODE": "1020195000", "T_NODE": "1020197400", "LANES": 2, "ROAD_RANK": "104", "ROAD_TYPE": "000", "ROAD_NO": "-", "ROAD_NAME": "두텁바위로", "ROAD_USE": "0", "MULTI_LINK": "0", "CONNECT": "0", "MAX_SPD": 50, "REST_VEH": "0", "REST_W": 0, "REST_H": 0, "C-ITS": "0", "LENGTH": 157.846237087047, "UPDATEDATE": "20250512", "REMARK": null, "HIST_TYPE": "LINK1007", "HISTREMARK": "1020018900" }, "geometry": { "type": "LineString", "coordinates": [ [ 197954.19923902163282, 549585.843269869452342 ], [ 197880.220900000073016, 549573.755300000309944 ], [ 197798.370896006992552, 549560.686161378980614 ] ] } },
{ "type": "Feature", "properties": { "LINK_ID": "1020037001", "F_NODE": "1020020303", "T_NODE": "1020020302", "LANES": 2, "ROAD_RANK": "104", "ROAD_TYPE": "000", "ROAD_NO": "-", "ROAD_NAME": "청파로20길", "ROAD_USE": "0", "MULTI_LINK": "0", "CONNECT": "0", "MAX_SPD": 30, "REST_VEH": "0", "REST_W": 0, "REST_H": 0, "C-ITS": "0", "LENGTH": 23.915556204832999, "UPDATEDATE": "20250512", "REMARK": null, "HIST_TYPE": "LINK0001", "HISTREMARK": null }, "geometry": { "type": "LineString", "coordinates": [ [ 196933.351402024331037, 548024.946493470109999 ], [ 196950.877057974896161, 548041.219330103253014 ] ] } },
{ "type": "Feature", "properties": { "LINK_ID": "1020044901", "F_NODE": "1020028002", "T_NODE": "1020028001", "LANES": 1, "ROAD_RANK": "104", "ROAD_TYPE": "000", "ROAD_NO": "-", "ROAD_NAME": "백범로74길", "ROAD_USE": "0", "MULTI_LINK": "0", "CONNECT": "0", "MAX_SPD": 10, "REST_VEH": "0", "REST_W": 0, "REST_H": 0, "C-ITS": "0", "LENGTH": 23.893413164809001, "UPDATEDATE": "20250512", "REMARK": null, "HIST_TYPE": "LINK0001", "HISTREMARK": null }, "geometry": { "type": "LineString", "coordinates": [ [ 196758.386472053156467, 548734.777086293441243 ], [ 196781.454789900279138, 548741.00186776497867 ] ] } },
{ "type": "Feature", "properties": { "LINK_ID": "1020014702", "F_NODE": "1020154400", "T_NODE": "1020029203", "LANES": 2, "ROAD_RANK": "104", "ROAD_TYPE": "000", "ROAD_NO": "-", "ROAD_NAME": "새창로", "ROAD_USE": "0", "MULTI_LINK": "0", "CONNECT": "0", "MAX_SPD": 30, "REST_VEH": "0", "REST_W": 0, "REST_H": 0, "C-ITS": "0", "LENGTH": 113.50042233816799, "UPDATEDATE": "20250512", "REMARK": null, "HIST_TYPE": "LINK1007", "HISTREMARK": "1020014700" }, "geometry": { "type": "LineString", "coordinates": [ [ 196204.070937961078016, 548918.87896902312059 ], [ 196225.178399999625981, 548908.981699999421835 ], [ 196266.191999999806285, 548892.469699999317527 ], [ 196309.499901126895566, 548877.038177067763172 ] ] } },
{ "type": "Feature", "properties": { "LINK_ID": "1020018601", "F_NODE": "1020031801", "T_NODE": "1020194300", "LANES": 1, "ROAD_RANK": "104", "ROAD_TYPE": "000", "ROAD_NO": "-", "ROAD_NAME": "청파로47길", "ROAD_USE": "0", "MULTI_LINK": "0", "CONNECT": "0", "MAX_SPD": 30, "REST_VEH": "0", "REST_W": 0, "REST_H": 0, "C-ITS": "0", "LENGTH": 55.925125758206001, "UPDATEDATE": "20250512", "REMARK": null, "HIST_TYPE": "LINK0003", "HISTREMARK": null }, "geometry": { "type": "LineString", "coordinates": [ [ 197169.434853511484107, 549472.157986565609463 ], [ 197131.374779504316393, 549480.438376563019119 ], [ 197114.788068823079811, 549484.046998900128528 ] ] } },
{ "type": "Feature", "properties": { "LINK_ID": "1020003204", "F_NODE": "1020009001", "T_NODE": "1020009004", "LANES": 2, "ROAD_RANK": "104", "ROAD_TYPE": "000", "ROAD_NO": "-", "ROAD_NAME": "이촌로", "ROAD_USE": "0", "MULTI_LINK": "0", "CONNECT": "0", "MAX_SPD": 30, "REST_VEH": "0", "REST_W": 0, "REST_H": 0, "C-ITS": "0", "LENGTH": 12.000274268517, "UPDATEDATE": "20250512", "REMARK": null, "HIST_TYPE": "LINK0001", "HISTREMARK": null }, "geometry": { "type": "LineString", "coordinates": [ [ 197701.212202350550797, 546720.930709720472805 ], [ 197690.061352641321719, 546725.365248397924006 ] ] } },
{ "type": "Feature", "properties": { "LINK_ID": "1020017105", "F_NODE": "1020029902", "T_NODE": "1020029901", "LANES": 2, "ROAD_RANK": "104", "ROAD_TYPE": "000", "ROAD_NO": "-", "ROAD_NAME": "소월로", "ROAD_USE": "0", "MULTI_LINK": "0", "CONNECT": "0", "MAX_SPD": 50, "REST_VEH": "0", "REST_W": 0, "REST_H": 0, "C-ITS": "0", "LENGTH": 12.927459564262, "UPDATEDATE": "20250512", "REMARK": null, "HIST_TYPE": "LINK0001", "HISTREMARK": null }, "geometry": { "type": "LineString", "coordinates": [ [ 199734.126270927197766, 549075.40522636519745 ], [ 199723.473078125272878, 549082.728387834853493 ] ] } },
{ "type": "Feature", "properties": { "LINK_ID": "1190005204", "F_NODE": "1190020701", "T_NODE": "1190020704", "LANES": 3, "ROAD_RANK": "104", "ROAD_TYPE": "000", "ROAD_NO": "-", "ROAD_NAME": "노량진로", "ROAD_USE": "0", "MULTI_LINK": "0", "CONNECT": "0", "MAX_SPD": 50, "REST_VEH": "0", "REST_W": 0, "REST_H": 0, "C-ITS": "0", "LENGTH": 13.517974043577, "UPDATEDATE": "20250512", "REMARK": null, "HIST_TYPE": "LINK0001", "HISTREMARK": null }, "geometry": { "type": "LineString", "coordinates": [ [ 195298.507310807530303, 546001.580958304926753 ], [ 195285.507791411917424, 546005.288803734001704 ] ] } },
{ "type": "Feature", "properties": { "LINK_ID": "1020013104", "F_NODE": "1020026803", "T_NODE": "1020026703", "LANES": 1, "ROAD_RANK": "104", "ROAD_TYPE": "000", "ROAD_NO": "-", "ROAD_NAME": "백범로90길", "ROAD_USE": "0", "MULTI_LINK": "0", "CONNECT": "0", "MAX_SPD": 60, "REST_VEH": "0", "REST_W": 0, "REST_H": 0, "C-ITS": "0", "LENGTH": 38.375167485265003, "UPDATEDATE": "20250512", "REMARK": null, "HIST_TYPE": "LINK0003", "HISTREMARK": null }, "geometry": { "type": "LineString", "coordinates": [ [ 197315.903168639284559, 548600.671047849929892 ], [ 197351.668996959459037, 548586.762093752156943 ] ] } },
{ "type": "Feature", "properties": { "LINK_ID": "1020046601", "F_NODE": "1020029903", "T_NODE": "1020029902", "LANES": 3, "ROAD_RANK": "104", "ROAD_TYPE": "000", "ROAD_NO": "-", "ROAD_NAME": "회나무로", "ROAD_USE": "0", "MULTI_LINK": "0", "CONNECT": "0", "MAX_SPD": 50, "REST_VEH": "0", "REST_W": 0, "REST_H": 0, "C-ITS": "0", "LENGTH": 11.999963259796999, "UPDATEDATE": "20250512", "REMARK": null, "HIST_TYPE": "LINK0001", "HISTREMARK": null }, "geometry": { "type": "LineString", "coordinates": [ [ 199727.49990840794635, 549065.400705487118103 ], [ 199734.126270927197766, 549075.40522636519745 ] ] } },
{ "type": "Feature", "properties": { "LINK_ID": "1190033501", "F_NODE": "1190015604", "T_NODE": "1190015603", "LANES": 1, "ROAD_RANK": "104", "ROAD_TYPE": "000", "ROAD_NO": "-", "ROAD_NAME": "서달로15길", "ROAD_USE": "0", "MULTI_LINK": "0", "CONNECT": "0", "MAX_SPD": 10, "REST_VEH": "0", "REST_W": 0, "REST_H": 0, "C-ITS": "0", "LENGTH": 11.999986045646001, "UPDATEDATE": "20250512", "REMARK": null, "HIST_TYPE": "LINK0001", "HISTREMARK": null }, "geometry": { "type": "LineString", "coordinates": [ [ 196725.786247350013582, 545405.092322414973751 ], [ 196733.993566958873998, 545396.337919526500627 ] ] } },
{ "type": "Feature", "properties": { "LINK_ID": "1190003502", "F_NODE": "1190017404", "T_NODE": "1190016104", "LANES": 3, "ROAD_RANK": "104", "ROAD_TYPE": "000", "ROAD_NO": "-", "ROAD_NAME": "현충로", "ROAD_USE": "0", "MULTI_LINK": "0", "CONNECT": "0", "MAX_SPD": 50, "REST_VEH": "0", "REST_W": 0, "REST_H": 0, "C-ITS": "0", "LENGTH": 118.37449955992599, "UPDATEDATE": "20250512", "REMARK": null, "HIST_TYPE": "LINK0003", "HISTREMARK": null }, "geometry": { "type": "LineString", "coordinates": [ [ 196729.64828700965154, 545565.254529185825959 ], [ 196799.917351246549515, 545469.992885502055287 ] ] } },
{ "type": "Feature", "properties": { "LINK_ID": "1020017016", "F_NODE": "1020187200", "T_NODE": "1020188900", "LANES": 1, "ROAD_RANK": "104", "ROAD_TYPE": "000", "ROAD_NO": "-", "ROAD_NAME": "신흥로", "ROAD_USE": "0", "MULTI_LINK": "0", "CONNECT": "0", "MAX_SPD": 30, "REST_VEH": "0", "REST_W": 0, "REST_H": 0, "C-ITS": "0", "LENGTH": 13.486307274449, "UPDATEDATE": "20250512", "REMARK": null, "HIST_TYPE": "LINK1007", "HISTREMARK": "1020017002" }, "geometry": { "type": "LineString", "coordinates": [ [ 198879.088419308885932, 549377.455922277644277 ], [ 198872.241514111403376, 549389.074888372677378 ] ] } },
{ "type": "Feature", "properties": { "LINK_ID": "1020035200", "F_NODE": "1020018700", "T_NODE": "1020019103", "LANES": 2, "ROAD_RANK": "104", "ROAD_TYPE": "000", "ROAD_NO": "-", "ROAD_NAME": "이촌로2길", "ROAD_USE": "0", "MULTI_LINK": "0", "CONNECT": "0", "MAX_SPD": 50, "REST_VEH": "0", "REST_W": 0, "REST_H": 0, "C-ITS": "0", "LENGTH": 38.408177434557999, "UPDATEDATE": "20250512", "REMARK": null, "HIST_TYPE": "LINK0003", "HISTREMARK": null }, "geometry": { "type": "LineString", "coordinates": [ [ 195961.910199999809265, 547919.061499999836087 ], [ 195974.007499993807869, 547928.0108999988297 ], [ 195989.755099996051285, 547938.678700000047684 ], [ 195993.786825597839197, 547940.284168557380326 ] ] } },
{ "type": "Feature", "properties": { "LINK_ID": "1020026801", "F_NODE": "1020008500", "T_NODE": "1020038800", "LANES": 1, "ROAD_RANK": "102", "ROAD_TYPE": "000", "ROAD_NO": "70", "ROAD_NAME": "강변북로", "ROAD_USE": "0", "MULTI_LINK": "0", "CONNECT": "1", "MAX_SPD": 40, "REST_VEH": "5", "REST_W": 0, "REST_H": 0, "C-ITS": "0", "LENGTH": 274.34270974354598, "UPDATEDATE": "20230519", "REMARK": null, "HIST_TYPE": null, "HISTREMARK": null }, "geometry": { "type": "LineString", "coordinates": [ [ 199531.870099999941885, 546548.538699999451637 ], [ 199513.477099999785423, 546626.020500000566244 ], [ 199516.03110000025481, 546643.503499999642372 ], [ 199519.65500000026077, 546658.874600000679493 ], [ 199528.054399999789894, 546672.153599999845028 ], [ 199537.526600000448525, 546682.791400000452995 ], [ 199545.962600000202656, 546689.188699999824166 ], [ 199632.011800000444055, 546734.113500000908971 ], [ 199654.740399999544024, 546740.586799999698997 ] ] } },
{ "type": "Feature", "properties": { "LINK_ID": "1190039901", "F_NODE": "1190002504", "T_NODE": "1190002503", "LANES": 4, "ROAD_RANK": "104", "ROAD_TYPE": "000", "ROAD_NO": "-", "ROAD_NAME": "양녕로", "ROAD_USE": "0", "MULTI_LINK": "0", "CONNECT": "0", "MAX_SPD": 50, "REST_VEH": "0", "REST_W": 0, "REST_H": 450, "C-ITS": "0", "LENGTH": 24.001117217417001, "UPDATEDATE": "20250512", "REMARK": null, "HIST_TYPE": "LINK0001", "HISTREMARK": null }, "geometry": { "type": "LineString", "coordinates": [ [ 196118.274483669287292, 546031.325880772434175 ], [ 196105.437219050741987, 546011.046377208549529 ] ] } },
{ "type": "Feature", "properties": { "LINK_ID": "1130088701", "F_NODE": "1130017809", "T_NODE": "1130017808", "LANES": 1, "ROAD_RANK": "104", "ROAD_TYPE": "000", "ROAD_NO": "-", "ROAD_NAME": "마포대로8길", "ROAD_USE": "0", "MULTI_LINK": "0", "CONNECT": "0", "MAX_SPD": 30, "REST_VEH": "0", "REST_W": 0, "REST_H": 0, "C-ITS": "0", "LENGTH": 12.000039845705, "UPDATEDATE": "20250512", "REMARK": null, "HIST_TYPE": "LINK0001", "HISTREMARK": null }, "geometry": { "type": "LineString", "coordinates": [ [ 195846.270898631075397, 549699.60571680474095 ], [ 195856.677321832219604, 549693.630157211096957 ] ] } },
{ "type": "Feature", "properties": { "LINK_ID": "1190031801", "F_NODE": "1190014801", "T_NODE": "1190014804", "LANES": 1, "ROAD_RANK": "104", "ROAD_TYPE": "000", "ROAD_NO": "-", "ROAD_NAME": "서달로", "ROAD_USE": "0", "MULTI_LINK": "0", "CONNECT": "0", "MAX_SPD": 30, "REST_VEH": "0", "REST_W": 0, "REST_H": 0, "C-ITS": "0", "LENGTH": 12.00013933254, "UPDATEDATE": "20250512", "REMARK": null, "HIST_TYPE": "LINK0001", "HISTREMARK": null }, "geometry": { "type": "LineString", "coordinates": [ [ 196625.26346075598849, 545338.613020941149443 ], [ 196613.305268124648137, 545339.615504353540018 ] ] } },
{ "type": "Feature", "properties": { "LINK_ID": "1190004803", "F_NODE": "1190017402", "T_NODE": "1190112200", "LANES": 4, "ROAD_RANK": "104", "ROAD_TYPE": "000", "ROAD_NO": "-", "ROAD_NAME": "현충로", "ROAD_USE": "0", "MULTI_LINK": "0", "CONNECT": "0", "MAX_SPD": 50, "REST_VEH": "0", "REST_W": 0, "REST_H": 500, "C-ITS": "0", "LENGTH": 275.71891738548999, "UPDATEDATE": "20250512", "REMARK": null, "HIST_TYPE": "LINK0006", "HISTREMARK": null }, "geometry": { "type": "LineString", "coordinates": [ [ 196732.354336221702397, 545581.950149423442781 ], [ 196627.097500000149012, 545729.079199999570847 ], [ 196611.504887486633379, 545749.023237184039317 ], [ 196601.385325054987334, 545758.866915948921815 ], [ 196584.462500000372529, 545774.152100000530481 ], [ 196560.221499999985099, 545792.736800000071526 ], [ 196558.493334326369222, 545793.807772769941948 ] ] } },
{ "type": "Feature", "properties": { "LINK_ID": "1130030806", "F_NODE": "1130212900", "T_NODE": "1130205000", "LANES": 1, "ROAD_RANK": "104", "ROAD_TYPE": "000", "ROAD_NO": "-", "ROAD_NAME": "삼개로", "ROAD_USE": "0", "MULTI_LINK": "0", "CONNECT": "0", "MAX_SPD": 30, "REST_VEH": "0", "REST_W": 0, "REST_H": 0, "C-ITS": "0", "LENGTH": 58.307389726407997, "UPDATEDATE": "20250512", "REMARK": null, "HIST_TYPE": "LINK1007", "HISTREMARK": "1130030800" }, "geometry": { "type": "LineString", "coordinates": [ [ 195348.315753783914261, 548750.899078315938823 ], [ 195346.002126288018189, 548692.637608848395757 ] ] } },
{ "type": "Feature", "properties": { "LINK_ID": "1190007302", "F_NODE": "1190023700", "T_NODE": "1190002800", "LANES": 2, "ROAD_RANK": "104", "ROAD_TYPE": "000", "ROAD_NO": "-", "ROAD_NAME": "노들로", "ROAD_USE": "0", "MULTI_LINK": "0", "CONNECT": "0", "MAX_SPD": 50, "REST_VEH": "0", "REST_W": 0, "REST_H": 500, "C-ITS": "0", "LENGTH": 478.84962914296398, "UPDATEDATE": "20250512", "REMARK": null, "HIST_TYPE": "LINK0003", "HISTREMARK": null }, "geometry": { "type": "LineString", "coordinates": [ [ 195254.96860000025481, 546359.908099999651313 ], [ 195292.143399999418762, 546356.771499998518266 ], [ 195320.206199995154748, 546352.094399996451102 ], [ 195353.159799993765773, 546343.463599994662218 ], [ 195401.937599993863842, 546328.515599996317178 ], [ 195436.416899994714186, 546313.626799993216991 ], [ 195696.79590000025928, 546184.915899999439716 ] ] } },
{ "type": "Feature", "properties": { "LINK_ID": "1020013803", "F_NODE": "1020029102", "T_NODE": "1020029101", "LANES": 2, "ROAD_RANK": "104", "ROAD_TYPE": "000", "ROAD_NO": "-", "ROAD_NAME": "효창원로", "ROAD_USE": "0", "MULTI_LINK": "0", "CONNECT": "0", "MAX_SPD": 30, "REST_VEH": "0", "REST_W": 0, "REST_H": 0, "C-ITS": "0", "LENGTH": 12.018755665002001, "UPDATEDATE": "20250512", "REMARK": null, "HIST_TYPE": "LINK0001", "HISTREMARK": null }, "geometry": { "type": "LineString", "coordinates": [ [ 196591.113675110711483, 548859.791321391821839 ], [ 196595.09934732504189, 548871.129967904300429 ] ] } },
{ "type": "Feature", "properties": { "LINK_ID": "1190033603", "F_NODE": "1190120100", "T_NODE": "1190016501", "LANES": 1, "ROAD_RANK": "104", "ROAD_TYPE": "000", "ROAD_NO": "-", "ROAD_NAME": "서달로15길", "ROAD_USE": "0", "MULTI_LINK": "0", "CONNECT": "0", "MAX_SPD": 10, "REST_VEH": "0", "REST_W": 0, "REST_H": 0, "C-ITS": "0", "LENGTH": 97.834454219262994, "UPDATEDATE": "20250512", "REMARK": null, "HIST_TYPE": "LINK1007", "HISTREMARK": "1190033600" }, "geometry": { "type": "LineString", "coordinates": [ [ 196703.1824256949767, 545437.053192179766484 ], [ 196641.583120308991056, 545474.514833431807347 ], [ 196619.592139428161317, 545487.888656908762641 ] ] } },
{ "type": "Feature", "properties": { "LINK_ID": "1190003607", "F_NODE": "1190017403", "T_NODE": "1190017402", "LANES": 3, "ROAD_RANK": "104", "ROAD_TYPE": "000", "ROAD_NO": "-", "ROAD_NAME": "현충로", "ROAD_USE": "0", "MULTI_LINK": "0", "CONNECT": "0", "MAX_SPD": 50, "REST_VEH": "0", "REST_W": 0, "REST_H": 0, "C-ITS": "0", "LENGTH": 11.829742397975, "UPDATEDATE": "20250512", "REMARK": null, "HIST_TYPE": "LINK0001", "HISTREMARK": null }, "geometry": { "type": "LineString", "coordinates": [ [ 196739.30527918387088, 545572.377939796657301 ], [ 196732.354336221702397, 545581.950149423442781 ] ] } },
{ "type": "Feature", "properties": { "LINK_ID": "1020014005", "F_NODE": "1020147900", "T_NODE": "1020159200", "LANES": 3, "ROAD_RANK": "104", "ROAD_TYPE": "000", "ROAD_NO": "-", "ROAD_NAME": "백범로", "ROAD_USE": "0", "MULTI_LINK": "0", "CONNECT": "0", "MAX_SPD": 60, "REST_VEH": "0", "REST_W": 0, "REST_H": 0, "C-ITS": "0", "LENGTH": 54.519713149593002, "UPDATEDATE": "20250512", "REMARK": null, "HIST_TYPE": "LINK1007", "HISTREMARK": "1020014001" }, "geometry": { "type": "LineString", "coordinates": [ [ 196967.181478354119463, 548747.320527923409827 ], [ 196915.315647146577248, 548764.123345397412777 ] ] } },
{ "type": "Feature", "properties": { "LINK_ID": "1020003905", "F_NODE": "1020010503", "T_NODE": "1020010502", "LANES": 2, "ROAD_RANK": "104", "ROAD_TYPE": "000", "ROAD_NO": "-", "ROAD_NAME": "이촌로", "ROAD_USE": "0", "MULTI_LINK": "0", "CONNECT": "0", "MAX_SPD": 50, "REST_VEH": "0", "REST_W": 0, "REST_H": 0, "C-ITS": "0", "LENGTH": 11.999978529464, "UPDATEDATE": "20250512", "REMARK": null, "HIST_TYPE": "LINK0001", "HISTREMARK": null }, "geometry": { "type": "LineString", "coordinates": [ [ 197394.3861539811478, 546829.047039687633514 ], [ 197405.649462657223921, 546824.907309941016138 ] ] } },
{ "type": "Feature", "properties": { "LINK_ID": "1190003822", "F_NODE": "1190092100", "T_NODE": "1190013003", "LANES": 1, "ROAD_RANK": "104", "ROAD_TYPE": "000", "ROAD_NO": "-", "ROAD_NAME": "흑석로", "ROAD_USE": "0", "MULTI_LINK": "0", "CONNECT": "0", "MAX_SPD": 30, "REST_VEH": "0", "REST_W": 0, "REST_H": 0, "C-ITS": "0", "LENGTH": 25.690359968749998, "UPDATEDATE": "20250512", "REMARK": null, "HIST_TYPE": "LINK1007", "HISTREMARK": "1190003801" }, "geometry": { "type": "LineString", "coordinates": [ [ 195717.903348178224405, 545036.45519864873495 ], [ 195743.446312932646833, 545039.203206450445578 ] ] } },
{ "type": "Feature", "properties": { "LINK_ID": "1020007608", "F_NODE": "1020088400", "T_NODE": "1020102700", "LANES": 1, "ROAD_RANK": "104", "ROAD_TYPE": "000", "ROAD_NO": "-", "ROAD_NAME": "보광로", "ROAD_USE": "0", "MULTI_LINK": "0", "CONNECT": "0", "MAX_SPD": 30, "REST_VEH": "0", "REST_W": 0, "REST_H": 0, "C-ITS": "0", "LENGTH": 215.32347266688899, "UPDATEDATE": "20250512", "REMARK": null, "HIST_TYPE": "LINK1007", "HISTREMARK": "1020007601" }, "geometry": { "type": "LineString", "coordinates": [ [ 200058.577461496810429, 547452.46752888080664 ], [ 199971.637000000104308, 547568.964299999177456 ], [ 199929.843615952442633, 547625.070503192138858 ] ] } },
{ "type": "Feature", "properties": { "LINK_ID": "1190030400", "F_NODE": "1190013001", "T_NODE": "1190042000", "LANES": 1, "ROAD_RANK": "104", "ROAD_TYPE": "000", "ROAD_NO": "-", "ROAD_NAME": "강남초등길", "ROAD_USE": "1", "MULTI_LINK": "0", "CONNECT": "0", "MAX_SPD": 10, "REST_VEH": "0", "REST_W": 0, "REST_H": 0, "C-ITS": "0", "LENGTH": 35.269866515455, "UPDATEDATE": "20250512", "REMARK": null, "HIST_TYPE": "LINK0003", "HISTREMARK": null }, "geometry": { "type": "LineString", "coordinates": [ [ 195762.376943224313436, 545053.240246720961295 ], [ 195775.534900000318885, 545084.490499999374151 ], [ 195775.903792941535357, 545085.802101322100498 ] ] } },
{ "type": "Feature", "properties": { "LINK_ID": "1020016906", "F_NODE": "1020028303", "T_NODE": "1020028302", "LANES": 1, "ROAD_RANK": "104", "ROAD_TYPE": "000", "ROAD_NO": "-", "ROAD_NAME": "신흥로", "ROAD_USE": "0", "MULTI_LINK": "0", "CONNECT": "0", "MAX_SPD": 30, "REST_VEH": "0", "REST_W": 0, "REST_H": 0, "C-ITS": "0", "LENGTH": 12.703218954117, "UPDATEDATE": "20250512", "REMARK": null, "HIST_TYPE": "LINK0001", "HISTREMARK": null }, "geometry": { "type": "LineString", "coordinates": [ [ 198828.537504955485929, 548759.856498839566484 ], [ 198839.820939985540463, 548754.020758465048857 ] ] } },
{ "type": "Feature", "properties": { "LINK_ID": "1020009604", "F_NODE": "1020157300", "T_NODE": "1020003102", "LANES": 1, "ROAD_RANK": "104", "ROAD_TYPE": "000", "ROAD_NO": "-", "ROAD_NAME": "보광로", "ROAD_USE": "0", "MULTI_LINK": "0", "CONNECT": "0", "MAX_SPD": 30, "REST_VEH": "0", "REST_W": 0, "REST_H": 0, "C-ITS": "0", "LENGTH": 54.338175723993999, "UPDATEDATE": "20250512", "REMARK": null, "HIST_TYPE": "LINK1007", "HISTREMARK": "1020009600" }, "geometry": { "type": "LineString", "coordinates": [ [ 199484.513999541697558, 548275.213375118910335 ], [ 199474.731100000441074, 548308.985200000926852 ], [ 199470.47033999679843, 548327.683857600553893 ] ] } },
{ "type": "Feature", "properties": { "LINK_ID": "1020012701", "F_NODE": "1020026604", "T_NODE": "1020104800", "LANES": 1, "ROAD_RANK": "104", "ROAD_TYPE": "000", "ROAD_NO": "-", "ROAD_NAME": "효창원로", "ROAD_USE": "0", "MULTI_LINK": "0", "CONNECT": "0", "MAX_SPD": 30, "REST_VEH": "0", "REST_W": 0, "REST_H": 0, "C-ITS": "0", "LENGTH": 16.424733207757001, "UPDATEDATE": "20250512", "REMARK": null, "HIST_TYPE": "LINK0003", "HISTREMARK": null }, "geometry": { "type": "LineString", "coordinates": [ [ 196312.545775910461089, 548595.388004174106754 ], [ 196301.254599999636412, 548592.308599999174476 ], [ 196296.635065299778944, 548591.334254758432508 ] ] } },
{ "type": "Feature", "properties": { "LINK_ID": "1190030900", "F_NODE": "1190014702", "T_NODE": "1190015202", "LANES": 1, "ROAD_RANK": "104", "ROAD_TYPE": "000", "ROAD_NO": "-", "ROAD_NAME": "만양로4길", "ROAD_USE": "0", "MULTI_LINK": "0", "CONNECT": "0", "MAX_SPD": 30, "REST_VEH": "0", "REST_W": 0, "REST_H": 0, "C-ITS": "0", "LENGTH": 95.493631279441004, "UPDATEDATE": "20250512", "REMARK": null, "HIST_TYPE": "LINK0003", "HISTREMARK": null }, "geometry": { "type": "LineString", "coordinates": [ [ 195415.990290427871514, 545295.928481186972931 ], [ 195427.516400000080466, 545311.172700000926852 ], [ 195456.853400000371039, 545335.752399999648333 ], [ 195465.892900000326335, 545347.374500000849366 ], [ 195473.020700000226498, 545360.67989999987185 ], [ 195471.820090767025249, 545368.88398808776401 ] ] } },
{ "type": "Feature", "properties": { "LINK_ID": "1020056801", "F_NODE": "1020179400", "T_NODE": "1210047403", "LANES": 1, "ROAD_RANK": "104", "ROAD_TYPE": "003", "ROAD_NO": "-", "ROAD_NAME": "반포대로", "ROAD_USE": "0", "MULTI_LINK": "0", "CONNECT": "0", "MAX_SPD": 40, "REST_VEH": "0", "REST_W": 0, "REST_H": 0, "C-ITS": "0", "LENGTH": 338.61006935248798, "UPDATEDATE": "20250512", "REMARK": null, "HIST_TYPE": "LINK1007", "HISTREMARK": "1020056800" }, "geometry": { "type": "LineString", "coordinates": [ [ 199488.110992631176487, 546617.395587674342096 ], [ 199489.8284, 546612.074799999594688 ], [ 199515.670599999837577, 546540.378799999132752 ], [ 199608.817299999907846, 546301.058999996632338 ] ] } },
{ "type": "Feature", "properties": { "LINK_ID": "1020017306", "F_NODE": "1020121200", "T_NODE": "1020030204", "LANES": 3, "ROAD_RANK": "104", "ROAD_TYPE": "000", "ROAD_NO": "-", "ROAD_NAME": "청파로", "ROAD_USE": "0", "MULTI_LINK": "0", "CONNECT": "0", "MAX_SPD": 50, "REST_VEH": "0", "REST_W": 0, "REST_H": 0, "C-ITS": "0", "LENGTH": 107.55990855458199, "UPDATEDATE": "20250512", "REMARK": null, "HIST_TYPE": "LINK1007", "HISTREMARK": "1020017301" }, "geometry": { "type": "LineString", "coordinates": [ [ 197412.677003332675667, 549240.742133376537822 ], [ 197415.089802530856105, 549133.209290354978293 ] ] } },
{ "type": "Feature", "properties": { "LINK_ID": "1020027300", "F_NODE": "1020011100", "T_NODE": "1020009600", "LANES": 2, "ROAD_RANK": "104", "ROAD_TYPE": "000", "ROAD_NO": "-", "ROAD_NAME": "서빙고로", "ROAD_USE": "0", "MULTI_LINK": "0", "CONNECT": "0", "MAX_SPD": 50, "REST_VEH": "0", "REST_W": 0, "REST_H": 0, "C-ITS": "0", "LENGTH": 215.92475394995699, "UPDATEDATE": "20230519", "REMARK": null, "HIST_TYPE": null, "HISTREMARK": null }, "geometry": { "type": "LineString", "coordinates": [ [ 199182.615199999883771, 546920.151799999177456 ], [ 199176.300099999643862, 546896.753799999132752 ], [ 199156.456299999728799, 546868.972500000149012 ], [ 199140.184399999678135, 546848.731799999251962 ], [ 199120.737499999813735, 546830.078600000590086 ], [ 199105.656200000084937, 546814.997300000861287 ], [ 199069.143600000068545, 546771.737900000065565 ], [ 199047.087799999862909, 546756.699100000783801 ] ] } },
{ "type": "Feature", "properties": { "LINK_ID": "1020011905", "F_NODE": "1020024404", "T_NODE": "1020024403", "LANES": 2, "ROAD_RANK": "104", "ROAD_TYPE": "000", "ROAD_NO": "-", "ROAD_NAME": "녹사평대로", "ROAD_USE": "0", "MULTI_LINK": "0", "CONNECT": "0", "MAX_SPD": 50, "REST_VEH": "0", "REST_W": 0, "REST_H": 0, "C-ITS": "1", "LENGTH": 13.389245289157, "UPDATEDATE": "20250512", "REMARK": null, "HIST_TYPE": "LINK0001", "HISTREMARK": null }, "geometry": { "type": "LineString", "coordinates": [ [ 198863.457717904355377, 548348.729675126611255 ], [ 198868.165866166062187, 548336.195512635284103 ] ] } },
{ "type": "Feature", "properties": { "LINK_ID": "1210169702", "F_NODE": "1210289600", "T_NODE": "1210423800", "LANES": 1, "ROAD_RANK": "104", "ROAD_TYPE": "000", "ROAD_NO": "-", "ROAD_NAME": "-", "ROAD_USE": "0", "MULTI_LINK": "0", "CONNECT": "0", "MAX_SPD": 30, "REST_VEH": "0", "REST_W": 0, "REST_H": 0, "C-ITS": "0", "LENGTH": 117.248024230304, "UPDATEDATE": "20250512", "REMARK": "도로명없음", "HIST_TYPE": "LINK1007", "HISTREMARK": "1210169700" }, "geometry": { "type": "LineString", "coordinates": [ [ 199468.881011483696057, 545102.280260503175668 ], [ 199468.919400000013411, 545102.300699999555945 ], [ 199571.667500000447035, 545158.689799999818206 ] ] } },
{ "type": "Feature", "properties": { "LINK_ID": "1020012805", "F_NODE": "1020026603", "T_NODE": "1020026602", "LANES": 1, "ROAD_RANK": "104", "ROAD_TYPE": "000", "ROAD_NO": "-", "ROAD_NAME": "효창원로", "ROAD_USE": "0", "MULTI_LINK": "0", "CONNECT": "0", "MAX_SPD": 30, "REST_VEH": "0", "REST_W": 0, "REST_H": 0, "C-ITS": "0", "LENGTH": 16.524437360078998, "UPDATEDATE": "20250512", "REMARK": null, "HIST_TYPE": "LINK0001", "HISTREMARK": null }, "geometry": { "type": "LineString", "coordinates": [ [ 196304.86227231452358, 548580.854183865478262 ], [ 196320.780510643060552, 548585.288901284104213 ] ] } },
{ "type": "Feature", "properties": { "LINK_ID": "1020055902", "F_NODE": "1020119400", "T_NODE": "1020014806", "LANES": 2, "ROAD_RANK": "104", "ROAD_TYPE": "000", "ROAD_NO": "-", "ROAD_NAME": "한강대로21길", "ROAD_USE": "0", "MULTI_LINK": "0", "CONNECT": "0", "MAX_SPD": 40, "REST_VEH": "0", "REST_W": 0, "REST_H": 0, "C-ITS": "0", "LENGTH": 101.619504927976, "UPDATEDATE": "20250512", "REMARK": null, "HIST_TYPE": "LINK1007", "HISTREMARK": "1020055900" }, "geometry": { "type": "LineString", "coordinates": [ [ 196835.186882738198619, 547489.870601034257561 ], [ 196913.735327872651396, 547425.398393465671688 ] ] } },
{ "type": "Feature", "properties": { "LINK_ID": "1020018513", "F_NODE": "1020201300", "T_NODE": "1020031903", "LANES": 1, "ROAD_RANK": "104", "ROAD_TYPE": "000", "ROAD_NO": "-", "ROAD_NAME": "청파로47길", "ROAD_USE": "1", "MULTI_LINK": "0", "CONNECT": "0", "MAX_SPD": 30, "REST_VEH": "0", "REST_W": 0, "REST_H": 0, "C-ITS": "0", "LENGTH": 98.896218515365007, "UPDATEDATE": "20250512", "REMARK": null, "HIST_TYPE": "LINK1007", "HISTREMARK": "1020018502" }, "geometry": { "type": "LineString", "coordinates": [ [ 197301.032907933637034, 549472.112452318775468 ], [ 197381.936700000427663, 549480.52280000038445 ], [ 197399.086953280784655, 549484.277509093051776 ] ] } },
{ "type": "Feature", "properties": { "LINK_ID": "1020012200", "F_NODE": "1020025501", "T_NODE": "1020053600", "LANES": 2, "ROAD_RANK": "104", "ROAD_TYPE": "000", "ROAD_NO": "-", "ROAD_NAME": "새창로", "ROAD_USE": "0", "MULTI_LINK": "0", "CONNECT": "0", "MAX_SPD": 30, "REST_VEH": "0", "REST_W": 0, "REST_H": 0, "C-ITS": "0", "LENGTH": 52.409477089654999, "UPDATEDATE": "20250512", "REMARK": null, "HIST_TYPE": "LINK0003", "HISTREMARK": null }, "geometry": { "type": "LineString", "coordinates": [ [ 196612.090870760584949, 548438.087273578043096 ], [ 196589.331574968091445, 548485.297100350027904 ] ] } },
{ "type": "Feature", "properties": { "LINK_ID": "1020055900", "F_NODE": "1020014809", "T_NODE": "1020119400", "LANES": 2, "ROAD_RANK": "104", "ROAD_TYPE": "000", "ROAD_NO": "-", "ROAD_NAME": "한강대로21길", "ROAD_USE": "0", "MULTI_LINK": "0", "CONNECT": "0", "MAX_SPD": 40, "REST_VEH": "0", "REST_W": 0, "REST_H": 0, "C-ITS": "0", "LENGTH": 104.700748476096, "UPDATEDATE": "20250512", "REMARK": null, "HIST_TYPE": "LINK0003", "HISTREMARK": null }, "geometry": { "type": "LineString", "coordinates": [ [ 196894.044357063918142, 547575.294397966354154 ], [ 196834.378399999812245, 547490.534199999645352 ], [ 196835.186882738198619, 547489.870601034257561 ] ] } },
{ "type": "Feature", "properties": { "LINK_ID": "1130089705", "F_NODE": "1130220200", "T_NODE": "1130207000", "LANES": 2, "ROAD_RANK": "104", "ROAD_TYPE": "000", "ROAD_NO": "-", "ROAD_NAME": "만리재로", "ROAD_USE": "0", "MULTI_LINK": "0", "CONNECT": "0", "MAX_SPD": 50, "REST_VEH": "0", "REST_W": 0, "REST_H": 0, "C-ITS": "0", "LENGTH": 38.583433701223001, "UPDATEDATE": "20250512", "REMARK": null, "HIST_TYPE": "LINK1007", "HISTREMARK": "1130089700" }, "geometry": { "type": "LineString", "coordinates": [ [ 196435.175372921105009, 549918.100343589903787 ], [ 196456.086205039202468, 549950.525926950969733 ] ] } },
{ "type": "Feature", "properties": { "LINK_ID": "1020024802", "F_NODE": "1020008300", "T_NODE": "1020038100", "LANES": 1, "ROAD_RANK": "102", "ROAD_TYPE": "000", "ROAD_NO": "70", "ROAD_NAME": "강변북로", "ROAD_USE": "0", "MULTI_LINK": "0", "CONNECT": "1", "MAX_SPD": 30, "REST_VEH": "5", "REST_W": 0, "REST_H": 420, "C-ITS": "0", "LENGTH": 292.371965960436, "UPDATEDATE": "20230519", "REMARK": null, "HIST_TYPE": null, "HISTREMARK": null }, "geometry": { "type": "LineString", "coordinates": [ [ 198508.026100000366569, 546573.661599999293685 ], [ 198503.541299999691546, 546568.676599999889731 ], [ 198503.1722999997437, 546502.251900000497699 ], [ 198498.816499999724329, 546377.747700000181794 ], [ 198498.25829999987036, 546368.045800000429153 ], [ 198495.245600000023842, 546355.667300000786781 ], [ 198488.103699999861419, 546345.4079 ], [ 198479.448499999940395, 546336.092499999329448 ], [ 198465.181099999696016, 546331.252299999818206 ], [ 198433.436499999836087, 546327.907400000840425 ] ] } },
{ "type": "Feature", "properties": { "LINK_ID": "1020005909", "F_NODE": "1020070000", "T_NODE": "1020131900", "LANES": 3, "ROAD_RANK": "104", "ROAD_TYPE": "000", "ROAD_NO": "-", "ROAD_NAME": "서빙고로", "ROAD_USE": "0", "MULTI_LINK": "0", "CONNECT": "0", "MAX_SPD": 60, "REST_VEH": "0", "REST_W": 0, "REST_H": 0, "C-ITS": "0", "LENGTH": 96.822999746814006, "UPDATEDATE": "20250512", "REMARK": null, "HIST_TYPE": "LINK1007", "HISTREMARK": "1020005901" }, "geometry": { "type": "LineString", "coordinates": [ [ 196957.789779926533811, 547391.957763293990865 ], [ 197035.176687032449991, 547333.768761854269542 ] ] } },
{ "type": "Feature", "properties": { "LINK_ID": "1130032303", "F_NODE": "1130203900", "T_NODE": "1130010303", "LANES": 1, "ROAD_RANK": "104", "ROAD_TYPE": "000", "ROAD_NO": "-", "ROAD_NAME": "도화길", "ROAD_USE": "0", "MULTI_LINK": "0", "CONNECT": "0", "MAX_SPD": 30, "REST_VEH": "0", "REST_W": 0, "REST_H": 0, "C-ITS": "0", "LENGTH": 32.784649825727001, "UPDATEDATE": "20250512", "REMARK": null, "HIST_TYPE": "LINK1007", "HISTREMARK": "1130032300" }, "geometry": { "type": "LineString", "coordinates": [ [ 195461.91529143214575, 548993.745727037661709 ], [ 195471.652300000190735, 548998.112099999561906 ], [ 195490.083587796107167, 549010.330619223648682 ] ] } },
{ "type": "Feature", "properties": { "LINK_ID": "1130011013", "F_NODE": "1130098500", "T_NODE": "1130147400", "LANES": 3, "ROAD_RANK": "104", "ROAD_TYPE": "000", "ROAD_NO": "-", "ROAD_NAME": "백범로", "ROAD_USE": "0", "MULTI_LINK": "0", "CONNECT": "0", "MAX_SPD": 50, "REST_VEH": "0", "REST_W": 0, "REST_H": 0, "C-ITS": "0", "LENGTH": 88.692619876907003, "UPDATEDATE": "20250512", "REMARK": null, "HIST_TYPE": "LINK1007", "HISTREMARK": "1130011006" }, "geometry": { "type": "LineString", "coordinates": [ [ 195030.780164019874064, 549737.480302198906429 ], [ 194953.233009145536926, 549780.524693140410818 ] ] } },
{ "type": "Feature", "properties": { "LINK_ID": "1020007103", "F_NODE": "1020016602", "T_NODE": "1020015002", "LANES": 4, "ROAD_RANK": "104", "ROAD_TYPE": "000", "ROAD_NO": "-", "ROAD_NAME": "녹사평대로", "ROAD_USE": "0", "MULTI_LINK": "0", "CONNECT": "0", "MAX_SPD": 50, "REST_VEH": "0", "REST_W": 0, "REST_H": 0, "C-ITS": "0", "LENGTH": 226.908499544004, "UPDATEDATE": "20250512", "REMARK": null, "HIST_TYPE": "LINK0003", "HISTREMARK": null }, "geometry": { "type": "LineString", "coordinates": [ [ 199232.29260023162351, 547771.441298200399615 ], [ 199237.889399999752641, 547727.926300000399351 ], [ 199239.150799999944866, 547712.967000000178814 ], [ 199253.268294103327207, 547545.538469928083941 ] ] } },
{ "type": "Feature", "properties": { "LINK_ID": "1210059500", "F_NODE": "1210042600", "T_NODE": "1190028900", "LANES": 1, "ROAD_RANK": "104", "ROAD_TYPE": "000", "ROAD_NO": "-", "ROAD_NAME": "올림픽대로", "ROAD_USE": "0", "MULTI_LINK": "0", "CONNECT": "1", "MAX_SPD": 50, "REST_VEH": "0", "REST_W": 0, "REST_H": 0, "C-ITS": "0", "LENGTH": 195.25101426991401, "UPDATEDATE": "20230519", "REMARK": null, "HIST_TYPE": null, "HISTREMARK": null }, "geometry": { "type": "LineString", "coordinates": [ [ 198262.996500000357628, 545138.396900000050664 ], [ 198251.740100000053644, 545125.567700000479817 ], [ 198244.473799999803305, 545112.599099999293685 ], [ 198238.894299999810755, 545100.667899999767542 ], [ 198234.093399999663234, 545088.088500000536442 ], [ 198229.940999999642372, 545077.584000000730157 ], [ 198226.038900000043213, 545063.903999999165535 ], [ 198223.184299999848008, 545052.232300000265241 ], [ 198220.978400000371039, 545041.209000000730157 ], [ 198218.123800000175834, 545032.390300000086427 ], [ 198214.101400000043213, 545024.998199999332428 ], [ 198208.521800000220537, 545017.735799999907613 ], [ 198200.087700000032783, 545009.954600000753999 ], [ 198188.798600000329316, 545003.600099999457598 ], [ 198180.038499999791384, 545001.8277000002563 ], [ 198161.742700000293553, 545000.012199999764562 ], [ 198152.651200000196695, 544998.018899999558926 ] ] } },
{ "type": "Feature", "properties": { "LINK_ID": "1190033207", "F_NODE": "1190118700", "T_NODE": "1190176800", "LANES": 1, "ROAD_RANK": "104", "ROAD_TYPE": "000", "ROAD_NO": "-", "ROAD_NAME": "만양로3길", "ROAD_USE": "0", "MULTI_LINK": "0", "CONNECT": "0", "MAX_SPD": 30, "REST_VEH": "0", "REST_W": 0, "REST_H": 0, "C-ITS": "0", "LENGTH": 329.67233206352199, "UPDATEDATE": "20250512", "REMARK": null, "HIST_TYPE": "LINK1007", "HISTREMARK": "1190033201" }, "geometry": { "type": "LineString", "coordinates": [ [ 195112.34852926954045, 545452.338157803751528 ], [ 195098.708200000226498, 545453.117599999532104 ], [ 195048.29149917178438, 545447.107695423648693 ], [ 195037.493300000205636, 545445.820499999448657 ], [ 195026.526800000108778, 545441.529200000688434 ], [ 195007.967541850724956, 545423.532347679953091 ], [ 194998.866399999707937, 545414.707000000402331 ], [ 194988.005800000391901, 545395.909800000488758 ], [ 194967.468000000342727, 545352.464600000530481 ], [ 194954.076000000350177, 545332.950500000268221 ], [ 194952.18697436992079, 545330.859978470602073 ], [ 194917.465819572651526, 545292.435236916993745 ], [ 194879.908632962440606, 545250.871953742811456 ] ] } },
{ "type": "Feature", "properties": { "LINK_ID": "1130088801", "F_NODE": "1130011301", "T_NODE": "1130011304", "LANES": 1, "ROAD_RANK": "104", "ROAD_TYPE": "000", "ROAD_NO": "-", "ROAD_NAME": "새창로", "ROAD_USE": "0", "MULTI_LINK": "0", "CONNECT": "0", "MAX_SPD": 30, "REST_VEH": "0", "REST_W": 0, "REST_H": 0, "C-ITS": "0", "LENGTH": 13.529315459853001, "UPDATEDATE": "20250512", "REMARK": null, "HIST_TYPE": "LINK0001", "HISTREMARK": null }, "geometry": { "type": "LineString", "coordinates": [ [ 195709.264474928437266, 549194.815023463917896 ], [ 195695.884014493931318, 549196.816436807741411 ] ] } },
{ "type": "Feature", "properties": { "LINK_ID": "1130048000", "F_NODE": "1130017501", "T_NODE": "1130281100", "LANES": 1, "ROAD_RANK": "104", "ROAD_TYPE": "000", "ROAD_NO": "-", "ROAD_NAME": "백범로25길", "ROAD_USE": "0", "MULTI_LINK": "0", "CONNECT": "0", "MAX_SPD": 30, "REST_VEH": "0", "REST_W": 0, "REST_H": 0, "C-ITS": "0", "LENGTH": 251.14047868697401, "UPDATEDATE": "20250512", "REMARK": null, "HIST_TYPE": "LINK0003", "HISTREMARK": null }, "geometry": { "type": "LineString", "coordinates": [ [ 195247.491150559304515, 549618.546481783152558 ], [ 195256.043100000359118, 549629.929300000891089 ], [ 195293.914900000207126, 549676.275900000706315 ], [ 195323.081000000238419, 549716.680299999192357 ], [ 195333.005300000309944, 549734.874900000169873 ], [ 195348.762600000016391, 549778.343299999833107 ], [ 195354.688068181509152, 549838.309140963945538 ] ] } },
{ "type": "Feature", "properties": { "LINK_ID": "1190038902", "F_NODE": "1190118900", "T_NODE": "1190002502", "LANES": 4, "ROAD_RANK": "104", "ROAD_TYPE": "000", "ROAD_NO": "-", "ROAD_NAME": "양녕로", "ROAD_USE": "0", "MULTI_LINK": "0", "CONNECT": "0", "MAX_SPD": 50, "REST_VEH": "0", "REST_W": 0, "REST_H": 450, "C-ITS": "0", "LENGTH": 143.356606685852, "UPDATEDATE": "20250512", "REMARK": null, "HIST_TYPE": "LINK1007", "HISTREMARK": "1190038900" }, "geometry": { "type": "LineString", "coordinates": [ [ 196002.34414108179044, 545917.80275729810819 ], [ 196013.652900000102818, 545922.895400000736117 ], [ 196103.089999999850988, 545990.467399999499321 ], [ 196115.688737303920789, 546004.502706318162382 ] ] } },
{ "type": "Feature", "properties": { "LINK_ID": "1190033105", "F_NODE": "1190014703", "T_NODE": "1190014702", "LANES": 1, "ROAD_RANK": "104", "ROAD_TYPE": "000", "ROAD_NO": "-", "ROAD_NAME": "만양로3길", "ROAD_USE": "0", "MULTI_LINK": "0", "CONNECT": "0", "MAX_SPD": 30, "REST_VEH": "0", "REST_W": 0, "REST_H": 0, "C-ITS": "0", "LENGTH": 13.716009418784999, "UPDATEDATE": "20250512", "REMARK": null, "HIST_TYPE": "LINK0001", "HISTREMARK": null }, "geometry": { "type": "LineString", "coordinates": [ [ 195402.298999802122125, 545295.105392262572423 ], [ 195415.990290427871514, 545295.928481186972931 ] ] } },
{ "type": "Feature", "properties": { "LINK_ID": "1020056401", "F_NODE": "1020179300", "T_NODE": "1020038601", "LANES": 1, "ROAD_RANK": "104", "ROAD_TYPE": "003", "ROAD_NO": "-", "ROAD_NAME": "반포대로", "ROAD_USE": "0", "MULTI_LINK": "0", "CONNECT": "0", "MAX_SPD": 40, "REST_VEH": "0", "REST_W": 0, "REST_H": 0, "C-ITS": "0", "LENGTH": 329.48627368943897, "UPDATEDATE": "20250512", "REMARK": null, "HIST_TYPE": "LINK1007", "HISTREMARK": "1020056400" }, "geometry": { "type": "LineString", "coordinates": [ [ 199510.950700259651057, 546624.767634498188272 ], [ 199500.919999999925494, 546655.844000000506639 ], [ 199493.060399999842048, 546687.91469999961555 ], [ 199484.764000000432134, 546734.2956000007689 ], [ 199478.440899999812245, 546765.923800000920892 ], [ 199447.530399993091123, 546947.755499996128492 ] ] } },
{ "type": "Feature", "properties": { "LINK_ID": "1020014006", "F_NODE": "1020159200", "T_NODE": "1020003802", "LANES": 3, "ROAD_RANK": "104", "ROAD_TYPE": "000", "ROAD_NO": "-", "ROAD_NAME": "백범로", "ROAD_USE": "0", "MULTI_LINK": "0", "CONNECT": "0", "MAX_SPD": 60, "REST_VEH": "0", "REST_W": 0, "REST_H": 0, "C-ITS": "0", "LENGTH": 72.191510833595004, "UPDATEDATE": "20250512", "REMARK": null, "HIST_TYPE": "LINK1007", "HISTREMARK": "1020014001" }, "geometry": { "type": "LineString", "coordinates": [ [ 196915.315647146577248, 548764.123345397412777 ], [ 196846.638236734666862, 548786.372559665585868 ] ] } },
{ "type": "Feature", "properties": { "LINK_ID": "1020004304", "F_NODE": "1020001503", "T_NODE": "1020001502", "LANES": 4, "ROAD_RANK": "104", "ROAD_TYPE": "000", "ROAD_NO": "-", "ROAD_NAME": "이촌로", "ROAD_USE": "0", "MULTI_LINK": "0", "CONNECT": "0", "MAX_SPD": 50, "REST_VEH": "0", "REST_W": 0, "REST_H": 0, "C-ITS": "0", "LENGTH": 12.013337441447, "UPDATEDATE": "20250512", "REMARK": null, "HIST_TYPE": "LINK0001", "HISTREMARK": null }, "geometry": { "type": "LineString", "coordinates": [ [ 196902.410597689216956, 546917.718788469792344 ], [ 196914.288651360868244, 546915.920979398884811 ] ] } },
{ "type": "Feature", "properties": { "LINK_ID": "1020012502", "F_NODE": "1020025800", "T_NODE": "1020025603", "LANES": 2, "ROAD_RANK": "104", "ROAD_TYPE": "000", "ROAD_NO": "-", "ROAD_NAME": "백범로", "ROAD_USE": "0", "MULTI_LINK": "0", "CONNECT": "0", "MAX_SPD": 50, "REST_VEH": "0", "REST_W": 0, "REST_H": 0, "C-ITS": "0", "LENGTH": 70.973765148772003, "UPDATEDATE": "20250512", "REMARK": null, "HIST_TYPE": "LINK0003", "HISTREMARK": null }, "geometry": { "type": "LineString", "coordinates": [ [ 197632.588100000284612, 548485.358500000089407 ], [ 197675.851299994508736, 548467.957700000144541 ], [ 197697.372224669641582, 548456.582375336089171 ] ] } },
{ "type": "Feature", "properties": { "LINK_ID": "1020000303", "F_NODE": "1020038200", "T_NODE": "1020007200", "LANES": 4, "ROAD_RANK": "102", "ROAD_TYPE": "000", "ROAD_NO": "70", "ROAD_NAME": "강변북로", "ROAD_USE": "0", "MULTI_LINK": "0", "CONNECT": "0", "MAX_SPD": 80, "REST_VEH": "5", "REST_W": 0, "REST_H": 0, "C-ITS": "0", "LENGTH": 187.253784975146, "UPDATEDATE": "20230519", "REMARK": null, "HIST_TYPE": null, "HISTREMARK": null }, "geometry": { "type": "LineString", "coordinates": [ [ 198837.814500000327826, 546362.752499999478459 ], [ 198651.855499999597669, 546340.769999999552965 ] ] } },
{ "type": "Feature", "properties": { "LINK_ID": "1190031901", "F_NODE": "1190015401", "T_NODE": "1190015404", "LANES": 2, "ROAD_RANK": "104", "ROAD_TYPE": "000", "ROAD_NO": "-", "ROAD_NAME": "흑석로", "ROAD_USE": "0", "MULTI_LINK": "0", "CONNECT": "0", "MAX_SPD": 50, "REST_VEH": "0", "REST_W": 0, "REST_H": 0, "C-ITS": "0", "LENGTH": 12.374848550796999, "UPDATEDATE": "20250512", "REMARK": null, "HIST_TYPE": "LINK0001", "HISTREMARK": null }, "geometry": { "type": "LineString", "coordinates": [ [ 196555.155272135016276, 545361.690916443127207 ], [ 196542.924096076545538, 545363.571131558972411 ] ] } },
{ "type": "Feature", "properties": { "LINK_ID": "1020006813", "F_NODE": "1020152200", "T_NODE": "1020015402", "LANES": 1, "ROAD_RANK": "104", "ROAD_TYPE": "000", "ROAD_NO": "-", "ROAD_NAME": "장문로", "ROAD_USE": "0", "MULTI_LINK": "0", "CONNECT": "0", "MAX_SPD": 30, "REST_VEH": "0", "REST_W": 0, "REST_H": 0, "C-ITS": "0", "LENGTH": 63.184518837905998, "UPDATEDATE": "20250512", "REMARK": null, "HIST_TYPE": "LINK1007", "HISTREMARK": "1020006802" }, "geometry": { "type": "LineString", "coordinates": [ [ 199424.903316357784206, 547627.854869822622277 ], [ 199413.869400000199676, 547631.905300000682473 ], [ 199378.863099999725819, 547647.324699999764562 ], [ 199367.650566004944267, 547654.250142937060446 ] ] } },
{ "type": "Feature", "properties": { "LINK_ID": "1020006520", "F_NODE": "1020156100", "T_NODE": "1020107800", "LANES": 2, "ROAD_RANK": "104", "ROAD_TYPE": "000", "ROAD_NO": "-", "ROAD_NAME": "이촌로", "ROAD_USE": "0", "MULTI_LINK": "0", "CONNECT": "0", "MAX_SPD": 50, "REST_VEH": "0", "REST_W": 0, "REST_H": 0, "C-ITS": "0", "LENGTH": 46.863176591835, "UPDATEDATE": "20250512", "REMARK": null, "HIST_TYPE": "LINK1007", "HISTREMARK": "1020006505" }, "geometry": { "type": "LineString", "coordinates": [ [ 196088.475650098000187, 547454.616233587497845 ], [ 196093.495199994067661, 547448.278399995877407 ], [ 196117.758270902384538, 547418.028346070903353 ] ] } },
{ "type": "Feature", "properties": { "LINK_ID": "1020017403", "F_NODE": "1020031902", "T_NODE": "1020031901", "LANES": 3, "ROAD_RANK": "104", "ROAD_TYPE": "000", "ROAD_NO": "-", "ROAD_NAME": "청파로", "ROAD_USE": "0", "MULTI_LINK": "0", "CONNECT": "0", "MAX_SPD": 30, "REST_VEH": "0", "REST_W": 0, "REST_H": 0, "C-ITS": "0", "LENGTH": 12.001941820556, "UPDATEDATE": "20250512", "REMARK": null, "HIST_TYPE": "LINK0001", "HISTREMARK": null }, "geometry": { "type": "LineString", "coordinates": [ [ 197410.929965620598523, 549486.609667607815936 ], [ 197409.537253955902997, 549498.53053006331902 ] ] } },
{ "type": "Feature", "properties": { "LINK_ID": "1020024601", "F_NODE": "1020008202", "T_NODE": "1020008201", "LANES": 1, "ROAD_RANK": "104", "ROAD_TYPE": "000", "ROAD_NO": "-", "ROAD_NAME": "이촌로88길", "ROAD_USE": "0", "MULTI_LINK": "0", "CONNECT": "0", "MAX_SPD": 40, "REST_VEH": "0", "REST_W": 0, "REST_H": 0, "C-ITS": "0", "LENGTH": 12.005867292973999, "UPDATEDATE": "20250512", "REMARK": null, "HIST_TYPE": "LINK0001", "HISTREMARK": null }, "geometry": { "type": "LineString", "coordinates": [ [ 198076.465629715792602, 546557.538419363205321 ], [ 198081.2082618654822, 546568.567847714177333 ] ] } },
{ "type": "Feature", "properties": { "LINK_ID": "1020035811", "F_NODE": "1020086000", "T_NODE": "1020130600", "LANES": 1, "ROAD_RANK": "104", "ROAD_TYPE": "000", "ROAD_NO": "-", "ROAD_NAME": "우사단로10길", "ROAD_USE": "0", "MULTI_LINK": "0", "CONNECT": "0", "MAX_SPD": 30, "REST_VEH": "0", "REST_W": 0, "REST_H": 0, "C-ITS": "0", "LENGTH": 26.155883970066, "UPDATEDATE": "20250512", "REMARK": null, "HIST_TYPE": "LINK1007", "HISTREMARK": "1020035800" }, "geometry": { "type": "LineString", "coordinates": [ [ 199817.216156062233495, 548154.378983229980804 ], [ 199820.970900000073016, 548148.965199999511242 ], [ 199828.799599999561906, 548140.66190000064671 ], [ 199835.72597984818276, 548136.356402954901569 ] ] } },
{ "type": "Feature", "properties": { "LINK_ID": "1020019003", "F_NODE": "1020199600", "T_NODE": "1020032303", "LANES": 2, "ROAD_RANK": "104", "ROAD_TYPE": "000", "ROAD_NO": "-", "ROAD_NAME": "두텁바위로", "ROAD_USE": "0", "MULTI_LINK": "0", "CONNECT": "0", "MAX_SPD": 50, "REST_VEH": "0", "REST_W": 0, "REST_H": 0, "C-ITS": "0", "LENGTH": 449.297655700897, "UPDATEDATE": "20250512", "REMARK": null, "HIST_TYPE": "LINK1007", "HISTREMARK": "1020019000" }, "geometry": { "type": "LineString", "coordinates": [ [ 197650.327284682949539, 549524.895823524100706 ], [ 197715.022181034844834, 549535.225746488431469 ], [ 197800.262988757080166, 549548.836263342876919 ], [ 197882.134499999694526, 549561.908800000324845 ], [ 197956.134369953360874, 549574.000264360802248 ], [ 198035.808731849741889, 549587.01893193309661 ], [ 198076.608799999579787, 549593.685599999502301 ], [ 198093.711556942464085, 549597.396624848712236 ] ] } },
{ "type": "Feature", "properties": { "LINK_ID": "1190038900", "F_NODE": "1190002202", "T_NODE": "1190118900", "LANES": 4, "ROAD_RANK": "104", "ROAD_TYPE": "000", "ROAD_NO": "-", "ROAD_NAME": "양녕로", "ROAD_USE": "0", "MULTI_LINK": "0", "CONNECT": "0", "MAX_SPD": 50, "REST_VEH": "0", "REST_W": 0, "REST_H": 0, "C-ITS": "0", "LENGTH": 39.444419637777997, "UPDATEDATE": "20250512", "REMARK": null, "HIST_TYPE": "LINK0003", "HISTREMARK": null }, "geometry": { "type": "LineString", "coordinates": [ [ 195964.812214052828494, 545906.007616007584147 ], [ 195992.616200000047684, 545913.42200000025332 ], [ 196002.34414108179044, 545917.80275729810819 ] ] } },
{ "type": "Feature", "properties": { "LINK_ID": "1020053902", "F_NODE": "1020085700", "T_NODE": "1020040401", "LANES": 1, "ROAD_RANK": "104", "ROAD_TYPE": "000", "ROAD_NO": "-", "ROAD_NAME": "이촌로87길", "ROAD_USE": "0", "MULTI_LINK": "0", "CONNECT": "0", "MAX_SPD": 30, "REST_VEH": "0", "REST_W": 0, "REST_H": 0, "C-ITS": "0", "LENGTH": 49.899553714974999, "UPDATEDATE": "20250512", "REMARK": null, "HIST_TYPE": "LINK1007", "HISTREMARK": "1020053900" }, "geometry": { "type": "LineString", "coordinates": [ [ 198198.79015506018186, 546729.861324441153556 ], [ 198152.332831676467322, 546748.073478761129081 ] ] } },
{ "type": "Feature", "properties": { "LINK_ID": "1020006601", "F_NODE": "1020019101", "T_NODE": "1020020402", "LANES": 1, "ROAD_RANK": "104", "ROAD_TYPE": "000", "ROAD_NO": "-", "ROAD_NAME": "이촌로", "ROAD_USE": "0", "MULTI_LINK": "0", "CONNECT": "0", "MAX_SPD": 50, "REST_VEH": "0", "REST_W": 0, "REST_H": 0, "C-ITS": "0", "LENGTH": 87.991618036115, "UPDATEDATE": "20250512", "REMARK": null, "HIST_TYPE": "LINK0003", "HISTREMARK": null }, "geometry": { "type": "LineString", "coordinates": [ [ 196010.022994829050731, 547951.415367539040744 ], [ 196015.676400000229478, 547968.827800000086427 ], [ 196022.81209999974817, 547985.138000000268221 ], [ 196027.962899999693036, 547993.722599999979138 ], [ 196036.109699999913573, 548003.906099999323487 ], [ 196043.917000000365078, 548012.972599999979138 ], [ 196052.954199999570847, 548020.503599999472499 ], [ 196057.018874195899116, 548023.584731798386201 ] ] } },
{ "type": "Feature", "properties": { "LINK_ID": "1020020002", "F_NODE": "1020032601", "T_NODE": "1020193300", "LANES": 1, "ROAD_RANK": "104", "ROAD_TYPE": "000", "ROAD_NO": "-", "ROAD_NAME": "효창원로", "ROAD_USE": "0", "MULTI_LINK": "0", "CONNECT": "0", "MAX_SPD": 30, "REST_VEH": "0", "REST_W": 0, "REST_H": 0, "C-ITS": "0", "LENGTH": 199.206912904749, "UPDATEDATE": "20250512", "REMARK": null, "HIST_TYPE": "LINK0003", "HISTREMARK": null }, "geometry": { "type": "LineString", "coordinates": [ [ 196769.885361632826971, 549678.353581327828579 ], [ 196772.032100000418723, 549691.038899999111891 ], [ 196773.407800000160933, 549703.144799999892712 ], [ 196774.471699999645352, 549791.714099999517202 ], [ 196773.676900000311434, 549811.05350000038743 ], [ 196773.926870370516554, 549877.279027752811089 ] ] } },
{ "type": "Feature", "properties": { "LINK_ID": "1130008800", "F_NODE": "1130010901", "T_NODE": "1130210200", "LANES": 1, "ROAD_RANK": "104", "ROAD_TYPE": "000", "ROAD_NO": "-", "ROAD_NAME": "백범로37길", "ROAD_USE": "0", "MULTI_LINK": "0", "CONNECT": "0", "MAX_SPD": 30, "REST_VEH": "0", "REST_W": 0, "REST_H": 0, "C-ITS": "0", "LENGTH": 38.475369523345002, "UPDATEDATE": "20250512", "REMARK": null, "HIST_TYPE": "LINK0003", "HISTREMARK": null }, "geometry": { "type": "LineString", "coordinates": [ [ 196027.055749213177478, 549184.906290979124606 ], [ 196034.217699999921024, 549199.466299999505281 ], [ 196038.398400000296533, 549211.0793999992311 ], [ 196037.089120428892784, 549220.899031668202952 ] ] } },
{ "type": "Feature", "properties": { "LINK_ID": "1130009405", "F_NODE": "1130015003", "T_NODE": "1130015002", "LANES": 3, "ROAD_RANK": "104", "ROAD_TYPE": "000", "ROAD_NO": "-", "ROAD_NAME": "만리재로", "ROAD_USE": "0", "MULTI_LINK": "0", "CONNECT": "0", "MAX_SPD": 50, "REST_VEH": "0", "REST_W": 0, "REST_H": 0, "C-ITS": "0", "LENGTH": 12.578885055512, "UPDATEDATE": "20250512", "REMARK": null, "HIST_TYPE": "LINK0001", "HISTREMARK": null }, "geometry": { "type": "LineString", "coordinates": [ [ 195998.362148917949526, 549449.387629364384338 ], [ 196010.417069062474184, 549452.980295442510396 ] ] } },
{ "type": "Feature", "properties": { "LINK_ID": "1190007600", "F_NODE": "1190000201", "T_NODE": "1020041201", "LANES": 4, "ROAD_RANK": "104", "ROAD_TYPE": "003", "ROAD_NO": "-", "ROAD_NAME": "양녕로", "ROAD_USE": "0", "MULTI_LINK": "0", "CONNECT": "0", "MAX_SPD": 60, "REST_VEH": "0", "REST_W": 0, "REST_H": 0, "C-ITS": "0", "LENGTH": 201.706641099569, "UPDATEDATE": "20250512", "REMARK": null, "HIST_TYPE": "LINK0003", "HISTREMARK": null }, "geometry": { "type": "LineString", "coordinates": [ [ 196141.551503057562513, 546053.105923578608781 ], [ 196241.217893481894862, 546228.468917632242665 ] ] } },
{ "type": "Feature", "properties": { "LINK_ID": "1190004003", "F_NODE": "1190015701", "T_NODE": "1190118500", "LANES": 1, "ROAD_RANK": "104", "ROAD_TYPE": "000", "ROAD_NO": "-", "ROAD_NAME": "만양로", "ROAD_USE": "0", "MULTI_LINK": "0", "CONNECT": "0", "MAX_SPD": 30, "REST_VEH": "0", "REST_W": 0, "REST_H": 0, "C-ITS": "0", "LENGTH": 76.376751379702, "UPDATEDATE": "20250512", "REMARK": null, "HIST_TYPE": "LINK0003", "HISTREMARK": null }, "geometry": { "type": "LineString", "coordinates": [ [ 195346.412271088833222, 545415.855834088404663 ], [ 195294.641993753175484, 545472.009609882254153 ] ] } },
{ "type": "Feature", "properties": { "LINK_ID": "1020007700", "F_NODE": "1020037602", "T_NODE": "1020173500", "LANES": 1, "ROAD_RANK": "104", "ROAD_TYPE": "001", "ROAD_NO": "-", "ROAD_NAME": "청파로", "ROAD_USE": "0", "MULTI_LINK": "0", "CONNECT": "1", "MAX_SPD": 50, "REST_VEH": "0", "REST_W": 0, "REST_H": 0, "C-ITS": "0", "LENGTH": 284.84421192317501, "UPDATEDATE": "20250512", "REMARK": null, "HIST_TYPE": "LINK0003", "HISTREMARK": null }, "geometry": { "type": "LineString", "coordinates": [ [ 196184.765828227129532, 548194.334495680523105 ], [ 196162.705982021492673, 548184.507697310764343 ], [ 196121.380599999800324, 548152.136800000444055 ], [ 196080.564899999648333, 548123.387000000104308 ], [ 196050.453700000420213, 548103.576999999582767 ], [ 196016.360000000335276, 548080.081299999728799 ], [ 195991.897499999962747, 548059.695900000631809 ], [ 195955.867922071833163, 548026.510690550552681 ] ] } },
{ "type": "Feature", "properties": { "LINK_ID": "1190031001", "F_NODE": "1190014701", "T_NODE": "1190014704", "LANES": 1, "ROAD_RANK": "104", "ROAD_TYPE": "000", "ROAD_NO": "-", "ROAD_NAME": "만양로4길", "ROAD_USE": "0", "MULTI_LINK": "0", "CONNECT": "0", "MAX_SPD": 30, "REST_VEH": "0", "REST_W": 0, "REST_H": 0, "C-ITS": "0", "LENGTH": 15.291485431119, "UPDATEDATE": "20250512", "REMARK": null, "HIST_TYPE": "LINK0001", "HISTREMARK": null }, "geometry": { "type": "LineString", "coordinates": [ [ 195419.684568568220129, 545320.266077973297797 ], [ 195410.991784185171127, 545307.685735117876902 ] ] } },
{ "type": "Feature", "properties": { "LINK_ID": "1020041903", "F_NODE": "1020091300", "T_NODE": "1020116900", "LANES": 1, "ROAD_RANK": "104", "ROAD_TYPE": "000", "ROAD_NO": "-", "ROAD_NAME": "이태원로27길", "ROAD_USE": "0", "MULTI_LINK": "0", "CONNECT": "0", "MAX_SPD": 30, "REST_VEH": "0", "REST_W": 0, "REST_H": 0, "C-ITS": "0", "LENGTH": 17.284212365249001, "UPDATEDATE": "20250512", "REMARK": null, "HIST_TYPE": "LINK1007", "HISTREMARK": "1020041900" }, "geometry": { "type": "LineString", "coordinates": [ [ 199493.974339927197434, 548444.970317878061906 ], [ 199480.748721448500874, 548456.098076544702053 ] ] } },
{ "type": "Feature", "properties": { "LINK_ID": "1020003701", "F_NODE": "1020013208", "T_NODE": "1020205300", "LANES": 3, "ROAD_RANK": "104", "ROAD_TYPE": "000", "ROAD_NO": "-", "ROAD_NAME": "서빙고로", "ROAD_USE": "0", "MULTI_LINK": "0", "CONNECT": "0", "MAX_SPD": 50, "REST_VEH": "0", "REST_W": 0, "REST_H": 0, "C-ITS": "0", "LENGTH": 475.408187039513, "UPDATEDATE": "20250512", "REMARK": null, "HIST_TYPE": "LINK0003", "HISTREMARK": null }, "geometry": { "type": "LineString", "coordinates": [ [ 197534.075659808935598, 547060.03541862743441 ], [ 197563.7137999975821, 547051.485999993863516 ], [ 197595.532299994665664, 547040.989099994651042 ], [ 197871.878099993307842, 546932.896899998188019 ], [ 197978.451227746380027, 546891.5227216942003 ] ] } },
{ "type": "Feature", "properties": { "LINK_ID": "1020055301", "F_NODE": "1020032302", "T_NODE": "1020032301", "LANES": 1, "ROAD_RANK": "104", "ROAD_TYPE": "000", "ROAD_NO": "-", "ROAD_NAME": "두텁바위로", "ROAD_USE": "0", "MULTI_LINK": "0", "CONNECT": "0", "MAX_SPD": 10, "REST_VEH": "0", "REST_W": 0, "REST_H": 0, "C-ITS": "0", "LENGTH": 12.013233386302, "UPDATEDATE": "20250512", "REMARK": null, "HIST_TYPE": "LINK0001", "HISTREMARK": null }, "geometry": { "type": "LineString", "coordinates": [ [ 198105.488181750697549, 549599.865215309662744 ], [ 198102.545168296201155, 549611.512380123487674 ] ] } },
{ "type": "Feature", "properties": { "LINK_ID": "1020016600", "F_NODE": "1020029901", "T_NODE": "1020205100", "LANES": 2, "ROAD_RANK": "104", "ROAD_TYPE": "000", "ROAD_NO": "-", "ROAD_NAME": "소월로", "ROAD_USE": "0", "MULTI_LINK": "0", "CONNECT": "0", "MAX_SPD": 50, "REST_VEH": "0", "REST_W": 0, "REST_H": 0, "C-ITS": "0", "LENGTH": 341.09359073980897, "UPDATEDATE": "20250512", "REMARK": null, "HIST_TYPE": "LINK0003", "HISTREMARK": null }, "geometry": { "type": "LineString", "coordinates": [ [ 199723.473078125272878, 549082.728387834853493 ], [ 199664.442943335161544, 549128.342542021535337 ], [ 199621.0455, 549161.876900000497699 ], [ 199601.536799999885261, 549173.96680000051856 ], [ 199584.429800000041723, 549180.697399999946356 ], [ 199510.881599999964237, 549196.306600000709295 ], [ 199499.025399999693036, 549200.99970000050962 ], [ 199481.134923470992362, 549211.031736714066938 ], [ 199442.390800000168383, 549232.757400000467896 ], [ 199426.136315920040943, 549239.093887094408274 ] ] } },
{ "type": "Feature", "properties": { "LINK_ID": "1020002407", "F_NODE": "1020009801", "T_NODE": "1020009804", "LANES": 1, "ROAD_RANK": "104", "ROAD_TYPE": "000", "ROAD_NO": "-", "ROAD_NAME": "-", "ROAD_USE": "0", "MULTI_LINK": "0", "CONNECT": "0", "MAX_SPD": 30, "REST_VEH": "0", "REST_W": 0, "REST_H": 0, "C-ITS": "0", "LENGTH": 12.00345100204, "UPDATEDATE": "20250512", "REMARK": "도로명없음", "HIST_TYPE": "LINK0001", "HISTREMARK": null }, "geometry": { "type": "LineString", "coordinates": [ [ 199183.866808952472638, 546755.048407691763714 ], [ 199171.916690668702358, 546756.178677111980505 ] ] } },
{ "type": "Feature", "properties": { "LINK_ID": "1190035101", "F_NODE": "1190017103", "T_NODE": "1190017102", "LANES": 1, "ROAD_RANK": "104", "ROAD_TYPE": "000", "ROAD_NO": "-", "ROAD_NAME": "노량진로32길", "ROAD_USE": "0", "MULTI_LINK": "0", "CONNECT": "0", "MAX_SPD": 30, "REST_VEH": "0", "REST_W": 0, "REST_H": 0, "C-ITS": "0", "LENGTH": 12.000013245770999, "UPDATEDATE": "20250512", "REMARK": null, "HIST_TYPE": "LINK0001", "HISTREMARK": null }, "geometry": { "type": "LineString", "coordinates": [ [ 195992.216426872415468, 545531.761308353045024 ], [ 196000.701717613090295, 545523.276017612894066 ] ] } },
{ "type": "Feature", "properties": { "LINK_ID": "1020017601", "F_NODE": "1020038300", "T_NODE": "1020030902", "LANES": 2, "ROAD_RANK": "104", "ROAD_TYPE": "000", "ROAD_NO": "-", "ROAD_NAME": "녹사평대로58길", "ROAD_USE": "0", "MULTI_LINK": "0", "CONNECT": "0", "MAX_SPD": 40, "REST_VEH": "0", "REST_W": 0, "REST_H": 500, "C-ITS": "0", "LENGTH": 63.415060526741001, "UPDATEDATE": "20250512", "REMARK": null, "HIST_TYPE": "LINK0003", "HISTREMARK": null }, "geometry": { "type": "LineString", "coordinates": [ [ 198989.25800000037998, 549271.830700000748038 ], [ 199029.698640899907332, 549320.677649396238849 ] ] } },
{ "type": "Feature", "properties": { "LINK_ID": "1020006814", "F_NODE": "1020169600", "T_NODE": "1020169700", "LANES": 1, "ROAD_RANK": "104", "ROAD_TYPE": "000", "ROAD_NO": "-", "ROAD_NAME": "장문로", "ROAD_USE": "0", "MULTI_LINK": "0", "CONNECT": "0", "MAX_SPD": 30, "REST_VEH": "0", "REST_W": 0, "REST_H": 0, "C-ITS": "0", "LENGTH": 32.094296217457, "UPDATEDATE": "20250512", "REMARK": null, "HIST_TYPE": "LINK1007", "HISTREMARK": "1020006802" }, "geometry": { "type": "LineString", "coordinates": [ [ 199711.830309064069297, 547428.499880013987422 ], [ 199688.074252056510886, 547450.079815258271992 ] ] } },
{ "type": "Feature", "properties": { "LINK_ID": "1190049802", "F_NODE": "1190115400", "T_NODE": "1190017407", "LANES": 2, "ROAD_RANK": "104", "ROAD_TYPE": "000", "ROAD_NO": "-", "ROAD_NAME": "현충로4길", "ROAD_USE": "0", "MULTI_LINK": "0", "CONNECT": "0", "MAX_SPD": 40, "REST_VEH": "0", "REST_W": 0, "REST_H": 0, "C-ITS": "0", "LENGTH": 126.22178520393, "UPDATEDATE": "20250512", "REMARK": null, "HIST_TYPE": "LINK1007", "HISTREMARK": "1190049800" }, "geometry": { "type": "LineString", "coordinates": [ [ 196523.58458463117131, 545642.763885917840526 ], [ 196523.586099999956787, 545642.765799999237061 ], [ 196602.051172420266084, 545741.63215008971747 ] ] } },
{ "type": "Feature", "properties": { "LINK_ID": "1020016911", "F_NODE": "1020053800", "T_NODE": "1020046000", "LANES": 1, "ROAD_RANK": "104", "ROAD_TYPE": "000", "ROAD_NO": "-", "ROAD_NAME": "신흥로", "ROAD_USE": "0", "MULTI_LINK": "0", "CONNECT": "0", "MAX_SPD": 30, "REST_VEH": "0", "REST_W": 0, "REST_H": 0, "C-ITS": "0", "LENGTH": 34.440547959857, "UPDATEDATE": "20250512", "REMARK": null, "HIST_TYPE": "LINK1007", "HISTREMARK": "1020016901" }, "geometry": { "type": "LineString", "coordinates": [ [ 198867.537940610869555, 549136.46818971389439 ], [ 198859.249898381531239, 549103.039763191249222 ] ] } },
{ "type": "Feature", "properties": { "LINK_ID": "1020029401", "F_NODE": "1020011804", "T_NODE": "1020011803", "LANES": 1, "ROAD_RANK": "104", "ROAD_TYPE": "000", "ROAD_NO": "-", "ROAD_NAME": "이촌로65길", "ROAD_USE": "0", "MULTI_LINK": "0", "CONNECT": "0", "MAX_SPD": 30, "REST_VEH": "0", "REST_W": 0, "REST_H": 0, "C-ITS": "0", "LENGTH": 11.664050981067, "UPDATEDATE": "20250512", "REMARK": null, "HIST_TYPE": "LINK0001", "HISTREMARK": null }, "geometry": { "type": "LineString", "coordinates": [ [ 197446.075341802905314, 546972.331209920579568 ], [ 197444.743440743011888, 546960.743452378432266 ] ] } },
{ "type": "Feature", "properties": { "LINK_ID": "1020043700", "F_NODE": "1020026601", "T_NODE": "1020070400", "LANES": 1, "ROAD_RANK": "104", "ROAD_TYPE": "000", "ROAD_NO": "-", "ROAD_NAME": "효창원로37길", "ROAD_USE": "0", "MULTI_LINK": "0", "CONNECT": "0", "MAX_SPD": 30, "REST_VEH": "0", "REST_W": 0, "REST_H": 0, "C-ITS": "0", "LENGTH": 38.263117854012997, "UPDATEDATE": "20250512", "REMARK": null, "HIST_TYPE": "LINK0003", "HISTREMARK": null }, "geometry": { "type": "LineString", "coordinates": [ [ 196328.701823050447274, 548600.314226326532662 ], [ 196338.462899999693036, 548620.85329999960959 ], [ 196345.584099999628961, 548630.348099999129772 ], [ 196346.902335231658071, 548633.756046679103747 ] ] } },
{ "type": "Feature", "properties": { "LINK_ID": "1020026002", "F_NODE": "1020159700", "T_NODE": "1020178800", "LANES": 1, "ROAD_RANK": "104", "ROAD_TYPE": "000", "ROAD_NO": "-", "ROAD_NAME": "서빙고로62길", "ROAD_USE": "0", "MULTI_LINK": "0", "CONNECT": "0", "MAX_SPD": 30, "REST_VEH": "0", "REST_W": 0, "REST_H": 0, "C-ITS": "0", "LENGTH": 352.50950591533598, "UPDATEDATE": "20250512", "REMARK": null, "HIST_TYPE": "LINK1007", "HISTREMARK": "1020026000" }, "geometry": { "type": "LineString", "coordinates": [ [ 197356.468176508467877, 546430.67783965182025 ], [ 197196.127700000070035, 546514.004399999976158 ], [ 197043.389356712636072, 546592.678446130128577 ] ] } },
{ "type": "Feature", "properties": { "LINK_ID": "1020018403", "F_NODE": "1020185700", "T_NODE": "1020005501", "LANES": 1, "ROAD_RANK": "104", "ROAD_TYPE": "000", "ROAD_NO": "-", "ROAD_NAME": "신흥로", "ROAD_USE": "0", "MULTI_LINK": "0", "CONNECT": "0", "MAX_SPD": 30, "REST_VEH": "0", "REST_W": 0, "REST_H": 0, "C-ITS": "0", "LENGTH": 161.698378967065, "UPDATEDATE": "20250512", "REMARK": null, "HIST_TYPE": "LINK1007", "HISTREMARK": "1020018400" }, "geometry": { "type": "LineString", "coordinates": [ [ 198395.747841887816321, 549561.853017742629163 ], [ 198393.669599999673665, 549591.506100000813603 ], [ 198383.783800000324845, 549666.508799999952316 ], [ 198379.921699999831617, 549674.554999999701977 ], [ 198337.255167412600713, 549695.193675990798511 ] ] } },
{ "type": "Feature", "properties": { "LINK_ID": "1190000105", "F_NODE": "1190122300", "T_NODE": "1190122100", "LANES": 2, "ROAD_RANK": "102", "ROAD_TYPE": "000", "ROAD_NO": "88", "ROAD_NAME": "올림픽대로", "ROAD_USE": "0", "MULTI_LINK": "0", "CONNECT": "0", "MAX_SPD": 80, "REST_VEH": "5", "REST_W": 0, "REST_H": 0, "C-ITS": "0", "LENGTH": 741.01941771442296, "UPDATEDATE": "20250512", "REMARK": null, "HIST_TYPE": "LINK1007", "HISTREMARK": "1190000101" }, "geometry": { "type": "LineString", "coordinates": [ [ 195777.745014572516084, 546203.574639987316914 ], [ 195787.808699999935925, 546200.065600000321865 ], [ 195873.306200000457466, 546169.8432 ], [ 195998.036700000055134, 546131.311799999326468 ], [ 196042.593500000424683, 546116.722400000318885 ], [ 196087.446700000204146, 546099.804099999368191 ], [ 196125.482499999925494, 546083.727099999785423 ], [ 196181.204199999570847, 546056.063799999654293 ], [ 196225.963499999605119, 546034.278400000184774 ], [ 196320.10950000025332, 545985.22749999910593 ], [ 196397.628299999982119, 545940.535599999129772 ], [ 196453.63392877887236, 545906.783839241601527 ] ] } },
{ "type": "Feature", "properties": { "LINK_ID": "1020020501", "F_NODE": "1020032504", "T_NODE": "1020032503", "LANES": 2, "ROAD_RANK": "104", "ROAD_TYPE": "000", "ROAD_NO": "-", "ROAD_NAME": "소월로", "ROAD_USE": "0", "MULTI_LINK": "0", "CONNECT": "0", "MAX_SPD": 50, "REST_VEH": "0", "REST_W": 0, "REST_H": 0, "C-ITS": "0", "LENGTH": 17.6088867988, "UPDATEDATE": "20250512", "REMARK": null, "HIST_TYPE": "LINK0001", "HISTREMARK": null }, "geometry": { "type": "LineString", "coordinates": [ [ 198685.254294669808587, 549671.509543791529723 ], [ 198700.285308999475092, 549662.336676054866984 ] ] } },
{ "type": "Feature", "properties": { "LINK_ID": "1130036602", "F_NODE": "1130206300", "T_NODE": "1130014201", "LANES": 1, "ROAD_RANK": "104", "ROAD_TYPE": "000", "ROAD_NO": "-", "ROAD_NAME": "백범로36길", "ROAD_USE": "0", "MULTI_LINK": "0", "CONNECT": "0", "MAX_SPD": 30, "REST_VEH": "0", "REST_W": 0, "REST_H": 0, "C-ITS": "0", "LENGTH": 98.172490217822997, "UPDATEDATE": "20250512", "REMARK": null, "HIST_TYPE": "LINK1007", "HISTREMARK": "1130036600" }, "geometry": { "type": "LineString", "coordinates": [ [ 195533.767881183797726, 549338.650550152990036 ], [ 195573.739199999719858, 549413.09940000064671 ], [ 195575.161999999545515, 549422.110600000247359 ], [ 195575.161999999545515, 549426.659738862654194 ] ] } },
{ "type": "Feature", "properties": { "LINK_ID": "1020035807", "F_NODE": "1020067900", "T_NODE": "1020077400", "LANES": 1, "ROAD_RANK": "104", "ROAD_TYPE": "000", "ROAD_NO": "-", "ROAD_NAME": "우사단로10길", "ROAD_USE": "0", "MULTI_LINK": "0", "CONNECT": "0", "MAX_SPD": 30, "REST_VEH": "0", "REST_W": 0, "REST_H": 0, "C-ITS": "0", "LENGTH": 51.773878753075998, "UPDATEDATE": "20250512", "REMARK": null, "HIST_TYPE": "LINK1007", "HISTREMARK": "1020035800" }, "geometry": { "type": "LineString", "coordinates": [ [ 199967.319083401438547, 547991.893691656878218 ], [ 199964.462899999693036, 547991.684699999168515 ], [ 199955.933500000275671, 547989.125900000333786 ], [ 199928.255800000391901, 547986.499600000679493 ], [ 199920.808600000105798, 547987.616699999198318 ], [ 199916.278693761443719, 547988.762494385591708 ] ] } },
{ "type": "Feature", "properties": { "LINK_ID": "1190003613", "F_NODE": "1190071100", "T_NODE": "1190028501", "LANES": 3, "ROAD_RANK": "104", "ROAD_TYPE": "000", "ROAD_NO": "-", "ROAD_NAME": "현충로", "ROAD_USE": "0", "MULTI_LINK": "0", "CONNECT": "0", "MAX_SPD": 50, "REST_VEH": "0", "REST_W": 0, "REST_H": 0, "C-ITS": "0", "LENGTH": 294.53974975687998, "UPDATEDATE": "20250512", "REMARK": null, "HIST_TYPE": "LINK1007", "HISTREMARK": "1190003604" }, "geometry": { "type": "LineString", "coordinates": [ [ 197359.912230544316117, 545154.527863438706845 ], [ 197332.016899994632695, 545162.404199995216914 ], [ 197303.490499995503342, 545175.690499998047017 ], [ 197091.48910408152733, 545274.943807087372988 ] ] } },
{ "type": "Feature", "properties": { "LINK_ID": "1190004706", "F_NODE": "1190017408", "T_NODE": "1190017407", "LANES": 3, "ROAD_RANK": "104", "ROAD_TYPE": "000", "ROAD_NO": "-", "ROAD_NAME": "현충로", "ROAD_USE": "0", "MULTI_LINK": "0", "CONNECT": "0", "MAX_SPD": 50, "REST_VEH": "0", "REST_W": 0, "REST_H": 0, "C-ITS": "0", "LENGTH": 12.051272598872, "UPDATEDATE": "20250512", "REMARK": null, "HIST_TYPE": "LINK0001", "HISTREMARK": null }, "geometry": { "type": "LineString", "coordinates": [ [ 196593.341820671717869, 545749.961637671338394 ], [ 196602.051172420266084, 545741.63215008971747 ] ] } },
{ "type": "Feature", "properties": { "LINK_ID": "1020002601", "F_NODE": "1020008204", "T_NODE": "1020001001", "LANES": 2, "ROAD_RANK": "104", "ROAD_TYPE": "000", "ROAD_NO": "-", "ROAD_NAME": "이촌로", "ROAD_USE": "0", "MULTI_LINK": "0", "CONNECT": "0", "MAX_SPD": 50, "REST_VEH": "0", "REST_W": 0, "REST_H": 0, "C-ITS": "0", "LENGTH": 161.193128889045, "UPDATEDATE": "20250512", "REMARK": null, "HIST_TYPE": "LINK0003", "HISTREMARK": null }, "geometry": { "type": "LineString", "coordinates": [ [ 198070.047667629900388, 546572.980344295618124 ], [ 197976.835568968817824, 546610.019850642536767 ], [ 197920.248035215248819, 546632.505926438723691 ] ] } },
{ "type": "Feature", "properties": { "LINK_ID": "1020009502", "F_NODE": "1020020004", "T_NODE": "1020020003", "LANES": 1, "ROAD_RANK": "104", "ROAD_TYPE": "000", "ROAD_NO": "-", "ROAD_NAME": "보광로", "ROAD_USE": "0", "MULTI_LINK": "0", "CONNECT": "0", "MAX_SPD": 30, "REST_VEH": "0", "REST_W": 0, "REST_H": 0, "C-ITS": "0", "LENGTH": 13.136499322632, "UPDATEDATE": "20250512", "REMARK": null, "HIST_TYPE": "LINK0001", "HISTREMARK": null }, "geometry": { "type": "LineString", "coordinates": [ [ 199555.976728803041624, 548008.43059003748931 ], [ 199561.682659701124066, 547996.598009294481017 ] ] } },
{ "type": "Feature", "properties": { "LINK_ID": "1020005906", "F_NODE": "1020013209", "T_NODE": "1020013208", "LANES": 3, "ROAD_RANK": "104", "ROAD_TYPE": "000", "ROAD_NO": "-", "ROAD_NAME": "서빙고로", "ROAD_USE": "0", "MULTI_LINK": "0", "CONNECT": "0", "MAX_SPD": 60, "REST_VEH": "0", "REST_W": 0, "REST_H": 0, "C-ITS": "0", "LENGTH": 12.379656965333, "UPDATEDATE": "20250512", "REMARK": null, "HIST_TYPE": "LINK0001", "HISTREMARK": null }, "geometry": { "type": "LineString", "coordinates": [ [ 197522.068946384999435, 547063.051167180412449 ], [ 197534.075659808935598, 547060.03541862743441 ] ] } },
{ "type": "Feature", "properties": { "LINK_ID": "1190027503", "F_NODE": "1190110700", "T_NODE": "1190014802", "LANES": 1, "ROAD_RANK": "104", "ROAD_TYPE": "000", "ROAD_NO": "-", "ROAD_NAME": "서달로", "ROAD_USE": "0", "MULTI_LINK": "0", "CONNECT": "0", "MAX_SPD": 30, "REST_VEH": "0", "REST_W": 0, "REST_H": 0, "C-ITS": "0", "LENGTH": 39.169787689225998, "UPDATEDATE": "20250512", "REMARK": null, "HIST_TYPE": "LINK1007", "HISTREMARK": "1190027500" }, "geometry": { "type": "LineString", "coordinates": [ [ 196619.282265618152451, 545287.399448390002362 ], [ 196622.279699999839067, 545301.530300000682473 ], [ 196624.262683328590356, 545326.175177193828858 ] ] } },
{ "type": "Feature", "properties": { "LINK_ID": "1020024500", "F_NODE": "1020008203", "T_NODE": "1020159500", "LANES": 1, "ROAD_RANK": "104", "ROAD_TYPE": "000", "ROAD_NO": "-", "ROAD_NAME": "이촌로88길", "ROAD_USE": "0", "MULTI_LINK": "0", "CONNECT": "0", "MAX_SPD": 40, "REST_VEH": "0", "REST_W": 0, "REST_H": 0, "C-ITS": "0", "LENGTH": 58.645364326884, "UPDATEDATE": "20250512", "REMARK": null, "HIST_TYPE": "LINK0003", "HISTREMARK": null }, "geometry": { "type": "LineString", "coordinates": [ [ 198065.295002676983131, 546561.956108333892189 ], [ 198060.741399999707937, 546551.817099999636412 ], [ 198056.771778368070954, 546541.737714255810715 ], [ 198043.324187986261677, 546507.592532835085876 ] ] } },
{ "type": "Feature", "properties": { "LINK_ID": "1210177300", "F_NODE": "1210085102", "T_NODE": "1210080904", "LANES": 1, "ROAD_RANK": "104", "ROAD_TYPE": "000", "ROAD_NO": "-", "ROAD_NAME": "-", "ROAD_USE": "0", "MULTI_LINK": "0", "CONNECT": "0", "MAX_SPD": 30, "REST_VEH": "0", "REST_W": 0, "REST_H": 0, "C-ITS": "0", "LENGTH": 84.321250840757003, "UPDATEDATE": "20250512", "REMARK": "도로명없음", "HIST_TYPE": "LINK0003", "HISTREMARK": null }, "geometry": { "type": "LineString", "coordinates": [ [ 199631.758902209170628, 545298.098296018084511 ], [ 199635.457399999722838, 545291.431500000879169 ], [ 199660.876799999736249, 545247.035299999639392 ], [ 199673.314929415646475, 545224.729838486411609 ] ] } },
{ "type": "Feature", "properties": { "LINK_ID": "1020004907", "F_NODE": "1020009304", "T_NODE": "1020009303", "LANES": 1, "ROAD_RANK": "104", "ROAD_TYPE": "000", "ROAD_NO": "-", "ROAD_NAME": "녹사평대로", "ROAD_USE": "0", "MULTI_LINK": "0", "CONNECT": "0", "MAX_SPD": 50, "REST_VEH": "0", "REST_W": 0, "REST_H": 430, "C-ITS": "0", "LENGTH": 33.431305912127002, "UPDATEDATE": "20250512", "REMARK": null, "HIST_TYPE": "LINK0001", "HISTREMARK": null }, "geometry": { "type": "LineString", "coordinates": [ [ 199464.675426190515282, 546742.968843947164714 ], [ 199445.664239896170329, 546715.469261938123964 ] ] } },
{ "type": "Feature", "properties": { "LINK_ID": "1020003910", "F_NODE": "1020126700", "T_NODE": "1020010503", "LANES": 2, "ROAD_RANK": "104", "ROAD_TYPE": "000", "ROAD_NO": "-", "ROAD_NAME": "이촌로", "ROAD_USE": "0", "MULTI_LINK": "0", "CONNECT": "0", "MAX_SPD": 50, "REST_VEH": "0", "REST_W": 0, "REST_H": 0, "C-ITS": "0", "LENGTH": 76.402642388752, "UPDATEDATE": "20250512", "REMARK": null, "HIST_TYPE": "LINK1007", "HISTREMARK": "1020003904" }, "geometry": { "type": "LineString", "coordinates": [ [ 197321.293868506298168, 546850.851330636651255 ], [ 197334.777700000442564, 546848.494400000199676 ], [ 197345.767500000074506, 546845.441700000315905 ], [ 197394.3861539811478, 546829.047039687633514 ] ] } },
{ "type": "Feature", "properties": { "LINK_ID": "1190033706", "F_NODE": "1190113800", "T_NODE": "1190114200", "LANES": 1, "ROAD_RANK": "104", "ROAD_TYPE": "000", "ROAD_NO": "-", "ROAD_NAME": "흑석로9길", "ROAD_USE": "0", "MULTI_LINK": "0", "CONNECT": "0", "MAX_SPD": 10, "REST_VEH": "0", "REST_W": 0, "REST_H": 0, "C-ITS": "0", "LENGTH": 36.546921740072001, "UPDATEDATE": "20250512", "REMARK": null, "HIST_TYPE": "LINK1007", "HISTREMARK": "1190033700" }, "geometry": { "type": "LineString", "coordinates": [ [ 196174.507972703024279, 545463.61285754328128 ], [ 196180.566599999554455, 545460.479100000113249 ], [ 196206.761800000444055, 545453.493699999526143 ], [ 196209.377027874812484, 545453.493699999526143 ] ] } },
{ "type": "Feature", "properties": { "LINK_ID": "1130048107", "F_NODE": "1130222300", "T_NODE": "1130205700", "LANES": 1, "ROAD_RANK": "104", "ROAD_TYPE": "000", "ROAD_NO": "-", "ROAD_NAME": "백범로25길", "ROAD_USE": "0", "MULTI_LINK": "0", "CONNECT": "0", "MAX_SPD": 30, "REST_VEH": "0", "REST_W": 0, "REST_H": 0, "C-ITS": "0", "LENGTH": 86.655170135985998, "UPDATEDATE": "20250512", "REMARK": null, "HIST_TYPE": "LINK1007", "HISTREMARK": "1130048100" }, "geometry": { "type": "LineString", "coordinates": [ [ 195449.467118678672705, 549945.571302342112176 ], [ 195446.861499999649823, 549946.077099999412894 ], [ 195414.735000000335276, 549942.864399999380112 ], [ 195391.935100000351667, 549944.401499999687076 ], [ 195377.525100000202656, 549946.57660000026226 ], [ 195368.567300000227988, 549946.016699999570847 ], [ 195366.942668578849407, 549940.957132251933217 ] ] } },
{ "type": "Feature", "properties": { "LINK_ID": "1020009803", "F_NODE": "1020020401", "T_NODE": "1020020901", "LANES": 3, "ROAD_RANK": "104", "ROAD_TYPE": "000", "ROAD_NO": "-", "ROAD_NAME": "청파로", "ROAD_USE": "0", "MULTI_LINK": "0", "CONNECT": "0", "MAX_SPD": 50, "REST_VEH": "0", "REST_W": 0, "REST_H": 400, "C-ITS": "0", "LENGTH": 126.786984497804, "UPDATEDATE": "20250512", "REMARK": null, "HIST_TYPE": "LINK0003", "HISTREMARK": null }, "geometry": { "type": "LineString", "coordinates": [ [ 196084.990799999795854, 548044.788200000301003 ], [ 196163.679700000211596, 548087.576799999922514 ], [ 196196.486573716130806, 548105.149610699736513 ] ] } },
{ "type": "Feature", "properties": { "LINK_ID": "1020019913", "F_NODE": "1130203100", "T_NODE": "1130203600", "LANES": 1, "ROAD_RANK": "104", "ROAD_TYPE": "000", "ROAD_NO": "-", "ROAD_NAME": "효창원로", "ROAD_USE": "0", "MULTI_LINK": "0", "CONNECT": "0", "MAX_SPD": 30, "REST_VEH": "0", "REST_W": 0, "REST_H": 0, "C-ITS": "0", "LENGTH": 81.558712222631996, "UPDATEDATE": "20250512", "REMARK": null, "HIST_TYPE": "LINK1007", "HISTREMARK": "1020019902" }, "geometry": { "type": "LineString", "coordinates": [ [ 196772.497324590978678, 550005.301417994080111 ], [ 196772.010300000198185, 549996.847999999299645 ], [ 196765.664025808539009, 549924.032757807872258 ] ] } },
{ "type": "Feature", "properties": { "LINK_ID": "1190003811", "F_NODE": "1190016502", "T_NODE": "1190016501", "LANES": 2, "ROAD_RANK": "104", "ROAD_TYPE": "000", "ROAD_NO": "-", "ROAD_NAME": "흑석로", "ROAD_USE": "0", "MULTI_LINK": "0", "CONNECT": "0", "MAX_SPD": 50, "REST_VEH": "0", "REST_W": 0, "REST_H": 0, "C-ITS": "0", "LENGTH": 12.671331376878999, "UPDATEDATE": "20250512", "REMARK": null, "HIST_TYPE": "LINK0001", "HISTREMARK": null }, "geometry": { "type": "LineString", "coordinates": [ [ 196609.879737767623737, 545479.750359000288881 ], [ 196619.592139428161317, 545487.888656908762641 ] ] } },
{ "type": "Feature", "properties": { "LINK_ID": "1190003816", "F_NODE": "1190111700", "T_NODE": "1190116200", "LANES": 1, "ROAD_RANK": "104", "ROAD_TYPE": "000", "ROAD_NO": "-", "ROAD_NAME": "흑석로", "ROAD_USE": "0", "MULTI_LINK": "0", "CONNECT": "0", "MAX_SPD": 50, "REST_VEH": "0", "REST_W": 0, "REST_H": 0, "C-ITS": "0", "LENGTH": 102.299871853691, "UPDATEDATE": "20250512", "REMARK": null, "HIST_TYPE": "LINK1007", "HISTREMARK": "1190003804" }, "geometry": { "type": "LineString", "coordinates": [ [ 196323.08256238285685, 545265.076385314343497 ], [ 196337.238499999977648, 545268.695199999958277 ], [ 196350.069199999794364, 545276.536199999973178 ], [ 196357.027406214008806, 545281.390758341178298 ], [ 196377.4704, 545295.653300000354648 ], [ 196400.860799999907613, 545298.814200000837445 ], [ 196415.998224991169991, 545302.738693292019889 ] ] } },
{ "type": "Feature", "properties": { "LINK_ID": "1020042500", "F_NODE": "1020025001", "T_NODE": "1020026401", "LANES": 1, "ROAD_RANK": "104", "ROAD_TYPE": "000", "ROAD_NO": "-", "ROAD_NAME": "청파로", "ROAD_USE": "0", "MULTI_LINK": "0", "CONNECT": "0", "MAX_SPD": 50, "REST_VEH": "0", "REST_W": 0, "REST_H": 400, "C-ITS": "0", "LENGTH": 145.266059720345, "UPDATEDATE": "20250512", "REMARK": null, "HIST_TYPE": "LINK0003", "HISTREMARK": null }, "geometry": { "type": "LineString", "coordinates": [ [ 197354.844399999827147, 548400.615499999374151 ], [ 197363.071399999782443, 548414.601500000804663 ], [ 197378.332799999974668, 548447.30460000038147 ], [ 197402.111492463882314, 548511.1451090273913 ], [ 197403.024600000120699, 548513.596599999815226 ], [ 197402.936632882920094, 548535.806219007121399 ] ] } },
{ "type": "Feature", "properties": { "LINK_ID": "1210169801", "F_NODE": "1210080901", "T_NODE": "1210080904", "LANES": 1, "ROAD_RANK": "104", "ROAD_TYPE": "000", "ROAD_NO": "-", "ROAD_NAME": "-", "ROAD_USE": "0", "MULTI_LINK": "0", "CONNECT": "0", "MAX_SPD": 30, "REST_VEH": "0", "REST_W": 0, "REST_H": 0, "C-ITS": "0", "LENGTH": 11.999993342313999, "UPDATEDATE": "20250512", "REMARK": "도로명없음", "HIST_TYPE": "LINK0001", "HISTREMARK": null }, "geometry": { "type": "LineString", "coordinates": [ [ 199683.795584578212583, 545230.574126944295131 ], [ 199673.314929415646475, 545224.729838486411609 ] ] } },
{ "type": "Feature", "properties": { "LINK_ID": "1190028100", "F_NODE": "1190012301", "T_NODE": "1190001702", "LANES": 1, "ROAD_RANK": "104", "ROAD_TYPE": "000", "ROAD_NO": "-", "ROAD_NAME": "양녕로", "ROAD_USE": "0", "MULTI_LINK": "0", "CONNECT": "0", "MAX_SPD": 30, "REST_VEH": "0", "REST_W": 0, "REST_H": 0, "C-ITS": "0", "LENGTH": 82.737986244233994, "UPDATEDATE": "20250512", "REMARK": null, "HIST_TYPE": "LINK0003", "HISTREMARK": null }, "geometry": { "type": "LineString", "coordinates": [ [ 195551.814240722422255, 544976.5263386341976 ], [ 195583.403500000014901, 544999.532299999147654 ], [ 195603.644199999980628, 545011.041699999943376 ], [ 195614.3597999997437, 545020.169800000265241 ], [ 195617.465058907284401, 545025.649671367020346 ] ] } },
{ "type": "Feature", "properties": { "LINK_ID": "1020043505", "F_NODE": "1130220900", "T_NODE": "1130221500", "LANES": 1, "ROAD_RANK": "104", "ROAD_TYPE": "000", "ROAD_NO": "-", "ROAD_NAME": "새창로8길", "ROAD_USE": "0", "MULTI_LINK": "0", "CONNECT": "0", "MAX_SPD": 30, "REST_VEH": "0", "REST_W": 0, "REST_H": 0, "C-ITS": "0", "LENGTH": 64.463621588343003, "UPDATEDATE": "20250512", "REMARK": null, "HIST_TYPE": "LINK1007", "HISTREMARK": "1020043500" }, "geometry": { "type": "LineString", "coordinates": [ [ 195843.758483257173793, 548649.890641362639144 ], [ 195855.051400000229478, 548656.380799999460578 ], [ 195870.604799999855459, 548675.893300000578165 ], [ 195883.730826671409886, 548698.897630186285824 ] ] } },
{ "type": "Feature", "properties": { "LINK_ID": "1130034600", "F_NODE": "1130011603", "T_NODE": "1130010701", "LANES": 1, "ROAD_RANK": "104", "ROAD_TYPE": "000", "ROAD_NO": "-", "ROAD_NAME": "토정로37길", "ROAD_USE": "0", "MULTI_LINK": "0", "CONNECT": "0", "MAX_SPD": 30, "REST_VEH": "0", "REST_W": 0, "REST_H": 0, "C-ITS": "0", "LENGTH": 140.25204017967701, "UPDATEDATE": "20250512", "REMARK": null, "HIST_TYPE": "LINK0003", "HISTREMARK": null }, "geometry": { "type": "LineString", "coordinates": [ [ 195283.919601272413274, 549217.372449470101856 ], [ 195196.239199999719858, 549124.778899999335408 ], [ 195185.822176255082013, 549117.458811404765584 ] ] } },
{ "type": "Feature", "properties": { "LINK_ID": "1020008310", "F_NODE": "1020017803", "T_NODE": "1020017802", "LANES": 2, "ROAD_RANK": "104", "ROAD_TYPE": "000", "ROAD_NO": "-", "ROAD_NAME": "새창로", "ROAD_USE": "0", "MULTI_LINK": "0", "CONNECT": "0", "MAX_SPD": 50, "REST_VEH": "0", "REST_W": 0, "REST_H": 440, "C-ITS": "0", "LENGTH": 12.004857762171, "UPDATEDATE": "20250512", "REMARK": null, "HIST_TYPE": "LINK0001", "HISTREMARK": null }, "geometry": { "type": "LineString", "coordinates": [ [ 197108.9522507537622, 547850.048251305357553 ], [ 197118.130928505765041, 547842.310778551618569 ] ] } },
{ "type": "Feature", "properties": { "LINK_ID": "1190030401", "F_NODE": "1190014902", "T_NODE": "1190014901", "LANES": 1, "ROAD_RANK": "104", "ROAD_TYPE": "000", "ROAD_NO": "-", "ROAD_NAME": "강남초등길", "ROAD_USE": "0", "MULTI_LINK": "0", "CONNECT": "0", "MAX_SPD": 10, "REST_VEH": "0", "REST_W": 0, "REST_H": 0, "C-ITS": "0", "LENGTH": 21.659319156247999, "UPDATEDATE": "20250512", "REMARK": null, "HIST_TYPE": "LINK0001", "HISTREMARK": null }, "geometry": { "type": "LineString", "coordinates": [ [ 195747.509872591501335, 545313.583463238668628 ], [ 195738.94416378333699, 545333.477048609987833 ] ] } },
{ "type": "Feature", "properties": { "LINK_ID": "1020010709", "F_NODE": "1020152800", "T_NODE": "1020003001", "LANES": 2, "ROAD_RANK": "104", "ROAD_TYPE": "000", "ROAD_NO": "-", "ROAD_NAME": "이태원로", "ROAD_USE": "0", "MULTI_LINK": "0", "CONNECT": "0", "MAX_SPD": 50, "REST_VEH": "0", "REST_W": 0, "REST_H": 0, "C-ITS": "0", "LENGTH": 127.214672538892, "UPDATEDATE": "20250512", "REMARK": null, "HIST_TYPE": "LINK1007", "HISTREMARK": "1020010701" }, "geometry": { "type": "LineString", "coordinates": [ [ 199071.701407576940255, 548306.524563605198637 ], [ 199015.817499999888241, 548301.87470000050962 ], [ 198956.150100000202656, 548298.19480000063777 ], [ 198944.795200050808489, 548298.406988177099265 ] ] } },
{ "type": "Feature", "properties": { "LINK_ID": "1020043900", "F_NODE": "1020028403", "T_NODE": "1020117600", "LANES": 1, "ROAD_RANK": "104", "ROAD_TYPE": "000", "ROAD_NO": "-", "ROAD_NAME": "새창로14길", "ROAD_USE": "0", "MULTI_LINK": "0", "CONNECT": "0", "MAX_SPD": 10, "REST_VEH": "0", "REST_W": 0, "REST_H": 0, "C-ITS": "0", "LENGTH": 18.770541084207998, "UPDATEDATE": "20250512", "REMARK": null, "HIST_TYPE": "LINK0003", "HISTREMARK": null }, "geometry": { "type": "LineString", "coordinates": [ [ 196383.494080825999845, 548728.641785783227533 ], [ 196387.218100000172853, 548721.585799999535084 ], [ 196391.950262971455231, 548711.886500104097649 ] ] } },
{ "type": "Feature", "properties": { "LINK_ID": "1020046402", "F_NODE": "1020100000", "T_NODE": "1020029702", "LANES": 1, "ROAD_RANK": "104", "ROAD_TYPE": "000", "ROAD_NO": "-", "ROAD_NAME": "백범로", "ROAD_USE": "0", "MULTI_LINK": "0", "CONNECT": "0", "MAX_SPD": 30, "REST_VEH": "0", "REST_W": 0, "REST_H": 0, "C-ITS": "0", "LENGTH": 74.661113695124996, "UPDATEDATE": "20250512", "REMARK": null, "HIST_TYPE": "LINK1007", "HISTREMARK": "1020046400" }, "geometry": { "type": "LineString", "coordinates": [ [ 196203.229921184218256, 548987.267211713013239 ], [ 196248.667700000107288, 549010.545700000599027 ], [ 196254.739699999801815, 549018.215600000694394 ], [ 196261.883257699024398, 549030.051943711936474 ] ] } },
{ "type": "Feature", "properties": { "LINK_ID": "1020005007", "F_NODE": "1020014401", "T_NODE": "1020015001", "LANES": 4, "ROAD_RANK": "104", "ROAD_TYPE": "000", "ROAD_NO": "-", "ROAD_NAME": "녹사평대로", "ROAD_USE": "0", "MULTI_LINK": "0", "CONNECT": "0", "MAX_SPD": 50, "REST_VEH": "0", "REST_W": 0, "REST_H": 0, "C-ITS": "0", "LENGTH": 160.598562127923, "UPDATEDATE": "20250512", "REMARK": null, "HIST_TYPE": "LINK0003", "HISTREMARK": null }, "geometry": { "type": "LineString", "coordinates": [ [ 199282.094977745960932, 547386.9808325212216 ], [ 199279.840499999932945, 547396.320800000801682 ], [ 199276.721499999985099, 547420.49269999936223 ], [ 199265.222299308603397, 547546.587507577030919 ] ] } },
{ "type": "Feature", "properties": { "LINK_ID": "1130008501", "F_NODE": "1130012702", "T_NODE": "1130216800", "LANES": 3, "ROAD_RANK": "104", "ROAD_TYPE": "000", "ROAD_NO": "-", "ROAD_NAME": "백범로", "ROAD_USE": "0", "MULTI_LINK": "0", "CONNECT": "0", "MAX_SPD": 50, "REST_VEH": "0", "REST_W": 0, "REST_H": 0, "C-ITS": "0", "LENGTH": 68.135423265794998, "UPDATEDATE": "20250512", "REMARK": null, "HIST_TYPE": "LINK0003", "HISTREMARK": null }, "geometry": { "type": "LineString", "coordinates": [ [ 195783.579025590152014, 549310.232547708204947 ], [ 195842.750430075771874, 549276.451180139556527 ] ] } },
{ "type": "Feature", "properties": { "LINK_ID": "1190003714", "F_NODE": "1190109700", "T_NODE": "1190111800", "LANES": 1, "ROAD_RANK": "104", "ROAD_TYPE": "000", "ROAD_NO": "-", "ROAD_NAME": "흑석로", "ROAD_USE": "0", "MULTI_LINK": "0", "CONNECT": "0", "MAX_SPD": 50, "REST_VEH": "0", "REST_W": 0, "REST_H": 0, "C-ITS": "0", "LENGTH": 33.798765992638998, "UPDATEDATE": "20250512", "REMARK": null, "HIST_TYPE": "LINK1007", "HISTREMARK": "1190003704" }, "geometry": { "type": "LineString", "coordinates": [ [ 196350.161235115869204, 545291.232287136605009 ], [ 196343.501400000415742, 545286.585899999365211 ], [ 196332.519500000402331, 545279.87470000050962 ], [ 196320.110484952194383, 545276.70248678943608 ] ] } },
{ "type": "Feature", "properties": { "LINK_ID": "1020034801", "F_NODE": "1020019101", "T_NODE": "1020019104", "LANES": 2, "ROAD_RANK": "104", "ROAD_TYPE": "000", "ROAD_NO": "-", "ROAD_NAME": "이촌로2길", "ROAD_USE": "0", "MULTI_LINK": "0", "CONNECT": "1", "MAX_SPD": 50, "REST_VEH": "0", "REST_W": 0, "REST_H": 0, "C-ITS": "0", "LENGTH": 11.999963793976001, "UPDATEDATE": "20250512", "REMARK": null, "HIST_TYPE": "LINK0001", "HISTREMARK": null }, "geometry": { "type": "LineString", "coordinates": [ [ 196010.022994829050731, 547951.415367539040744 ], [ 195998.609535109862918, 547955.12104808317963 ] ] } },
{ "type": "Feature", "properties": { "LINK_ID": "1130050500", "F_NODE": "1130020501", "T_NODE": "1130204400", "LANES": 1, "ROAD_RANK": "104", "ROAD_TYPE": "000", "ROAD_NO": "-", "ROAD_NAME": "만리재옛길", "ROAD_USE": "0", "MULTI_LINK": "0", "CONNECT": "0", "MAX_SPD": 30, "REST_VEH": "0", "REST_W": 0, "REST_H": 0, "C-ITS": "0", "LENGTH": 41.397233797816, "UPDATEDATE": "20250512", "REMARK": null, "HIST_TYPE": "LINK0003", "HISTREMARK": null }, "geometry": { "type": "LineString", "coordinates": [ [ 196212.04639839741867, 549853.328039120184258 ], [ 196236.023965056345332, 549887.074257622822188 ] ] } },
{ "type": "Feature", "properties": { "LINK_ID": "1190030703", "F_NODE": "1190070900", "T_NODE": "1190110300", "LANES": 1, "ROAD_RANK": "104", "ROAD_TYPE": "000", "ROAD_NO": "-", "ROAD_NAME": "매봉로", "ROAD_USE": "0", "MULTI_LINK": "0", "CONNECT": "0", "MAX_SPD": 30, "REST_VEH": "0", "REST_W": 0, "REST_H": 450, "C-ITS": "0", "LENGTH": 54.182537004389999, "UPDATEDATE": "20250512", "REMARK": null, "HIST_TYPE": "LINK1007", "HISTREMARK": "1190030700" }, "geometry": { "type": "LineString", "coordinates": [ [ 195679.737146475818008, 545228.991148027707823 ], [ 195685.498800000175834, 545234.409199999645352 ], [ 195711.93709999974817, 545257.070599999278784 ], [ 195718.348736702784663, 545266.559814998414367 ] ] } },
{ "type": "Feature", "properties": { "LINK_ID": "1020038801", "F_NODE": "1020022403", "T_NODE": "1020022402", "LANES": 3, "ROAD_RANK": "104", "ROAD_TYPE": "000", "ROAD_NO": "-", "ROAD_NAME": "청파로", "ROAD_USE": "0", "MULTI_LINK": "0", "CONNECT": "0", "MAX_SPD": 50, "REST_VEH": "0", "REST_W": 0, "REST_H": 0, "C-ITS": "0", "LENGTH": 12.000005247594, "UPDATEDATE": "20250512", "REMARK": null, "HIST_TYPE": "LINK0001", "HISTREMARK": null }, "geometry": { "type": "LineString", "coordinates": [ [ 196812.804021370160626, 548208.495815497124568 ], [ 196824.637964332592674, 548210.485267658950761 ] ] } },
{ "type": "Feature", "properties": { "LINK_ID": "1020015302", "F_NODE": "1020087400", "T_NODE": "1020029103", "LANES": 3, "ROAD_RANK": "104", "ROAD_TYPE": "000", "ROAD_NO": "-", "ROAD_NAME": "백범로", "ROAD_USE": "0", "MULTI_LINK": "0", "CONNECT": "0", "MAX_SPD": 50, "REST_VEH": "0", "REST_W": 0, "REST_H": 0, "C-ITS": "0", "LENGTH": 161.14194981866601, "UPDATEDATE": "20250512", "REMARK": null, "HIST_TYPE": "LINK1007", "HISTREMARK": "1020015300" }, "geometry": { "type": "LineString", "coordinates": [ [ 196436.538642048166366, 548937.617378434748389 ], [ 196483.100300000049174, 548912.975099999457598 ], [ 196525.186518247035565, 548890.920313203358091 ], [ 196552.08420000039041, 548876.824899999424815 ], [ 196580.073998407606268, 548864.509331476641819 ] ] } },
{ "type": "Feature", "properties": { "LINK_ID": "1020050200", "F_NODE": "1020005502", "T_NODE": "1020200200", "LANES": 1, "ROAD_RANK": "104", "ROAD_TYPE": "000", "ROAD_NO": "-", "ROAD_NAME": "두텁바위로", "ROAD_USE": "0", "MULTI_LINK": "0", "CONNECT": "0", "MAX_SPD": 30, "REST_VEH": "0", "REST_W": 0, "REST_H": 0, "C-ITS": "0", "LENGTH": 74.797599084564993, "UPDATEDATE": "20250512", "REMARK": null, "HIST_TYPE": "LINK0003", "HISTREMARK": null }, "geometry": { "type": "LineString", "coordinates": [ [ 198337.698986779840197, 549694.079209922347218 ], [ 198343.281299999915063, 549704.879699999466538 ], [ 198389.146456389018567, 549747.542660767911002 ] ] } },
{ "type": "Feature", "properties": { "LINK_ID": "1020016400", "F_NODE": "1020030202", "T_NODE": "1020142900", "LANES": 2, "ROAD_RANK": "104", "ROAD_TYPE": "000", "ROAD_NO": "-", "ROAD_NAME": "한강대로77길", "ROAD_USE": "0", "MULTI_LINK": "0", "CONNECT": "0", "MAX_SPD": 50, "REST_VEH": "0", "REST_W": 0, "REST_H": 380, "C-ITS": "0", "LENGTH": 87.794045170860002, "UPDATEDATE": "20250512", "REMARK": null, "HIST_TYPE": "LINK0003", "HISTREMARK": null }, "geometry": { "type": "LineString", "coordinates": [ [ 197427.20436435463489, 549127.014088480500504 ], [ 197446.493599999696016, 549135.841299999505281 ], [ 197511.420087595150108, 549150.591814012033865 ] ] } },
{ "type": "Feature", "properties": { "LINK_ID": "1130008308", "F_NODE": "1130138900", "T_NODE": "1130074600", "LANES": 1, "ROAD_RANK": "104", "ROAD_TYPE": "000", "ROAD_NO": "-", "ROAD_NAME": "토정로31길", "ROAD_USE": "0", "MULTI_LINK": "0", "CONNECT": "0", "MAX_SPD": 50, "REST_VEH": "0", "REST_W": 0, "REST_H": 0, "C-ITS": "0", "LENGTH": 24.109202072451001, "UPDATEDATE": "20250512", "REMARK": null, "HIST_TYPE": "LINK1007", "HISTREMARK": "1130008302" }, "geometry": { "type": "LineString", "coordinates": [ [ 195058.247712776705157, 549302.748980595497414 ], [ 195042.465650046971859, 549284.523171407287009 ] ] } },
{ "type": "Feature", "properties": { "LINK_ID": "1130030809", "F_NODE": "1130225100", "T_NODE": "1130209800", "LANES": 1, "ROAD_RANK": "104", "ROAD_TYPE": "000", "ROAD_NO": "-", "ROAD_NAME": "삼개로", "ROAD_USE": "0", "MULTI_LINK": "0", "CONNECT": "0", "MAX_SPD": 30, "REST_VEH": "0", "REST_W": 0, "REST_H": 0, "C-ITS": "0", "LENGTH": 39.538619526711997, "UPDATEDATE": "20250512", "REMARK": null, "HIST_TYPE": "LINK1007", "HISTREMARK": "1130030800" }, "geometry": { "type": "LineString", "coordinates": [ [ 195344.855294212786248, 548543.801142687909305 ], [ 195346.127700000070035, 548532.604299999773502 ], [ 195349.757699999958277, 548512.778899999335408 ], [ 195353.386687443591654, 548505.520853431313299 ] ] } },
{ "type": "Feature", "properties": { "LINK_ID": "1190005403", "F_NODE": "1190002800", "T_NODE": "1190021702", "LANES": 2, "ROAD_RANK": "104", "ROAD_TYPE": "000", "ROAD_NO": "-", "ROAD_NAME": "노량진로23길", "ROAD_USE": "0", "MULTI_LINK": "0", "CONNECT": "0", "MAX_SPD": 60, "REST_VEH": "0", "REST_W": 0, "REST_H": 0, "C-ITS": "0", "LENGTH": 90.201271681780995, "UPDATEDATE": "20250512", "REMARK": null, "HIST_TYPE": "LINK0005", "HISTREMARK": null }, "geometry": { "type": "LineString", "coordinates": [ [ 195696.79590000025928, 546184.915899999439716 ], [ 195714.664999999804422, 546168.233499996829778 ], [ 195723.367500000342261, 546151.734199992846698 ], [ 195729.390099994110642, 546138.067399993422441 ], [ 195736.216399997269036, 546115.167099996935576 ], [ 195737.637099999934435, 546107.019500000402331 ] ] } },
{ "type": "Feature", "properties": { "LINK_ID": "1130045401", "F_NODE": "1130018802", "T_NODE": "1130018801", "LANES": 1, "ROAD_RANK": "104", "ROAD_TYPE": "000", "ROAD_NO": "-", "ROAD_NAME": "효창목길", "ROAD_USE": "0", "MULTI_LINK": "0", "CONNECT": "0", "MAX_SPD": 10, "REST_VEH": "0", "REST_W": 0, "REST_H": 0, "C-ITS": "0", "LENGTH": 16.134518218848001, "UPDATEDATE": "20250512", "REMARK": null, "HIST_TYPE": "LINK0001", "HISTREMARK": null }, "geometry": { "type": "LineString", "coordinates": [ [ 196392.002255395345856, 549747.658663794863969 ], [ 196402.926233941718237, 549759.532558306469582 ] ] } },
{ "type": "Feature", "properties": { "LINK_ID": "1020031104", "F_NODE": "1020014812", "T_NODE": "1020014809", "LANES": 2, "ROAD_RANK": "104", "ROAD_TYPE": "000", "ROAD_NO": "-", "ROAD_NAME": "한강대로23길", "ROAD_USE": "0", "MULTI_LINK": "0", "CONNECT": "0", "MAX_SPD": 40, "REST_VEH": "0", "REST_W": 0, "REST_H": 0, "C-ITS": "0", "LENGTH": 45.021882104588997, "UPDATEDATE": "20250512", "REMARK": null, "HIST_TYPE": "LINK0003", "HISTREMARK": null }, "geometry": { "type": "LineString", "coordinates": [ [ 196898.60264727883623, 547618.408670904813334 ], [ 196896.724600000306964, 547615.959400000050664 ], [ 196892.151300000026822, 547604.526200000196695 ], [ 196890.764200000092387, 547592.504599999636412 ], [ 196893.720099999569356, 547576.880300000309944 ], [ 196894.044357063918142, 547575.294397966354154 ] ] } },
{ "type": "Feature", "properties": { "LINK_ID": "1020028101", "F_NODE": "1020010603", "T_NODE": "1020010602", "LANES": 1, "ROAD_RANK": "104", "ROAD_TYPE": "000", "ROAD_NO": "-", "ROAD_NAME": "이촌로65가길", "ROAD_USE": "0", "MULTI_LINK": "0", "CONNECT": "0", "MAX_SPD": 30, "REST_VEH": "0", "REST_W": 0, "REST_H": 0, "C-ITS": "0", "LENGTH": 12.001541793503, "UPDATEDATE": "20250512", "REMARK": null, "HIST_TYPE": "LINK0001", "HISTREMARK": null }, "geometry": { "type": "LineString", "coordinates": [ [ 197739.13910753178061, 546846.410751801682636 ], [ 197750.331952270644251, 546842.079789775423706 ] ] } },
{ "type": "Feature", "properties": { "LINK_ID": "1020010808", "F_NODE": "1020112900", "T_NODE": "1020053400", "LANES": 2, "ROAD_RANK": "104", "ROAD_TYPE": "000", "ROAD_NO": "-", "ROAD_NAME": "이태원로", "ROAD_USE": "0", "MULTI_LINK": "0", "CONNECT": "0", "MAX_SPD": 50, "REST_VEH": "0", "REST_W": 0, "REST_H": 0, "C-ITS": "0", "LENGTH": 82.084368821767001, "UPDATEDATE": "20250512", "REMARK": null, "HIST_TYPE": "LINK1007", "HISTREMARK": "1020010800" }, "geometry": { "type": "LineString", "coordinates": [ [ 199306.65250115658273, 548314.032375901588239 ], [ 199388.454194653138984, 548320.838736600475386 ] ] } },
{ "type": "Feature", "properties": { "LINK_ID": "1210062701", "F_NODE": "1210467200", "T_NODE": "1210047402", "LANES": 1, "ROAD_RANK": "104", "ROAD_TYPE": "003", "ROAD_NO": "-", "ROAD_NAME": "반포대로", "ROAD_USE": "0", "MULTI_LINK": "0", "CONNECT": "0", "MAX_SPD": 40, "REST_VEH": "0", "REST_W": 0, "REST_H": 0, "C-ITS": "0", "LENGTH": 420.67572204807499, "UPDATEDATE": "20250512", "REMARK": null, "HIST_TYPE": "LINK1007", "HISTREMARK": "1210062700" }, "geometry": { "type": "LineString", "coordinates": [ [ 199779.392884572036564, 545924.308272465481423 ], [ 199628.40689999825554, 546316.954799997503869 ] ] } },
{ "type": "Feature", "properties": { "LINK_ID": "1020006602", "F_NODE": "1020014201", "T_NODE": "1020205500", "LANES": 2, "ROAD_RANK": "104", "ROAD_TYPE": "000", "ROAD_NO": "-", "ROAD_NAME": "이촌로", "ROAD_USE": "0", "MULTI_LINK": "0", "CONNECT": "0", "MAX_SPD": 50, "REST_VEH": "0", "REST_W": 0, "REST_H": 0, "C-ITS": "0", "LENGTH": 321.30507314308397, "UPDATEDATE": "20250512", "REMARK": null, "HIST_TYPE": "LINK0003", "HISTREMARK": null }, "geometry": { "type": "LineString", "coordinates": [ [ 196184.071026721590897, 547354.505771290860139 ], [ 196173.713085330178728, 547367.422882694634609 ], [ 196163.951645165972877, 547379.596113387611695 ], [ 196127.115957962319953, 547425.532912725000642 ], [ 196102.879300000146031, 547455.757799999788404 ], [ 196097.882707384444075, 547462.066618579206988 ], [ 196076.875599999912083, 547488.590700000524521 ], [ 196054.391499999910593, 547523.362700000405312 ], [ 196041.905500000342727, 547545.993599999696016 ], [ 196036.529441317659803, 547557.828654705663212 ], [ 196007.833854021533625, 547621.000183424563147 ] ] } },
{ "type": "Feature", "properties": { "LINK_ID": "1020043301", "F_NODE": "1020026502", "T_NODE": "1020026501", "LANES": 3, "ROAD_RANK": "104", "ROAD_TYPE": "000", "ROAD_NO": "-", "ROAD_NAME": "청파로", "ROAD_USE": "0", "MULTI_LINK": "0", "CONNECT": "0", "MAX_SPD": 50, "REST_VEH": "0", "REST_W": 0, "REST_H": 400, "C-ITS": "0", "LENGTH": 25.217003978125, "UPDATEDATE": "20250512", "REMARK": null, "HIST_TYPE": "LINK0001", "HISTREMARK": null }, "geometry": { "type": "LineString", "coordinates": [ [ 197410.412814658629941, 548566.142362263170071 ], [ 197415.435734720726032, 548590.854051069938578 ] ] } },
{ "type": "Feature", "properties": { "LINK_ID": "1020043800", "F_NODE": "1020028404", "T_NODE": "1020051900", "LANES": 1, "ROAD_RANK": "104", "ROAD_TYPE": "000", "ROAD_NO": "-", "ROAD_NAME": "효창원로37길", "ROAD_USE": "0", "MULTI_LINK": "0", "CONNECT": "0", "MAX_SPD": 30, "REST_VEH": "0", "REST_W": 0, "REST_H": 0, "C-ITS": "0", "LENGTH": 50.317621325546, "UPDATEDATE": "20250512", "REMARK": null, "HIST_TYPE": "LINK0003", "HISTREMARK": null }, "geometry": { "type": "LineString", "coordinates": [ [ 196375.213881565403426, 548744.329353641951457 ], [ 196371.823400000110269, 548731.445499999448657 ], [ 196358.476881698239595, 548696.941741800867021 ] ] } },
{ "type": "Feature", "properties": { "LINK_ID": "1020006616", "F_NODE": "1020134300", "T_NODE": "1020013501", "LANES": 2, "ROAD_RANK": "104", "ROAD_TYPE": "000", "ROAD_NO": "-", "ROAD_NAME": "이촌로", "ROAD_USE": "0", "MULTI_LINK": "0", "CONNECT": "0", "MAX_SPD": 50, "REST_VEH": "0", "REST_W": 0, "REST_H": 0, "C-ITS": "0", "LENGTH": 51.600926873265998, "UPDATEDATE": "20250512", "REMARK": null, "HIST_TYPE": "LINK1007", "HISTREMARK": "1020006604" }, "geometry": { "type": "LineString", "coordinates": [ [ 196383.458729531179415, 547177.394847953808494 ], [ 196342.938115502591245, 547209.343799312599003 ] ] } },
{ "type": "Feature", "properties": { "LINK_ID": "1020038800", "F_NODE": "1020022102", "T_NODE": "1020022403", "LANES": 3, "ROAD_RANK": "104", "ROAD_TYPE": "000", "ROAD_NO": "-", "ROAD_NAME": "청파로", "ROAD_USE": "0", "MULTI_LINK": "0", "CONNECT": "0", "MAX_SPD": 50, "REST_VEH": "0", "REST_W": 0, "REST_H": 0, "C-ITS": "0", "LENGTH": 77.890693656612996, "UPDATEDATE": "20250512", "REMARK": null, "HIST_TYPE": "LINK0003", "HISTREMARK": null }, "geometry": { "type": "LineString", "coordinates": [ [ 196735.99123507499462, 548195.582410838338546 ], [ 196812.804021370160626, 548208.495815497124568 ] ] } },
{ "type": "Feature", "properties": { "LINK_ID": "1020017301", "F_NODE": "1020031003", "T_NODE": "1020089200", "LANES": 3, "ROAD_RANK": "104", "ROAD_TYPE": "000", "ROAD_NO": "-", "ROAD_NAME": "청파로", "ROAD_USE": "0", "MULTI_LINK": "0", "CONNECT": "0", "MAX_SPD": 50, "REST_VEH": "0", "REST_W": 0, "REST_H": 0, "C-ITS": "0", "LENGTH": 70.055383844578003, "UPDATEDATE": "20250512", "REMARK": null, "HIST_TYPE": "LINK0003", "HISTREMARK": null }, "geometry": { "type": "LineString", "coordinates": [ [ 197405.911537157109706, 549403.805483571253717 ], [ 197409.939638607291272, 549333.866001128801145 ] ] } },
{ "type": "Feature", "properties": { "LINK_ID": "1020015005", "F_NODE": "1020069300", "T_NODE": "1020057500", "LANES": 1, "ROAD_RANK": "104", "ROAD_TYPE": "000", "ROAD_NO": "-", "ROAD_NAME": "회나무로", "ROAD_USE": "0", "MULTI_LINK": "0", "CONNECT": "0", "MAX_SPD": 30, "REST_VEH": "0", "REST_W": 0, "REST_H": 0, "C-ITS": "0", "LENGTH": 34.431570202320003, "UPDATEDATE": "20250512", "REMARK": null, "HIST_TYPE": "LINK1007", "HISTREMARK": "1020015000" }, "geometry": { "type": "LineString", "coordinates": [ [ 199055.290356859739404, 548859.3702071539592 ], [ 199059.275899999774992, 548862.350700000301003 ], [ 199075.723100000061095, 548874.480499999597669 ], [ 199083.877406611922197, 548878.332931118435226 ] ] } },
{ "type": "Feature", "properties": { "LINK_ID": "1210004901", "F_NODE": "1210044300", "T_NODE": "1210043100", "LANES": 4, "ROAD_RANK": "102", "ROAD_TYPE": "000", "ROAD_NO": "88", "ROAD_NAME": "올림픽대로", "ROAD_USE": "0", "MULTI_LINK": "0", "CONNECT": "0", "MAX_SPD": 80, "REST_VEH": "5", "REST_W": 0, "REST_H": 0, "C-ITS": "0", "LENGTH": 309.677083019988, "UPDATEDATE": "20230519", "REMARK": null, "HIST_TYPE": null, "HISTREMARK": null }, "geometry": { "type": "LineString", "coordinates": [ [ 199467.863300000317395, 545403.306700000539422 ], [ 199398.147499999962747, 545360.632200000807643 ], [ 199279.084800000302494, 545288.79759999923408 ], [ 199198.876199999824166, 545250.49970000050962 ] ] } },
{ "type": "Feature", "properties": { "LINK_ID": "1020025001", "F_NODE": "1020006201", "T_NODE": "1020006204", "LANES": 1, "ROAD_RANK": "104", "ROAD_TYPE": "000", "ROAD_NO": "-", "ROAD_NAME": "서빙고로62길", "ROAD_USE": "0", "MULTI_LINK": "0", "CONNECT": "0", "MAX_SPD": 20, "REST_VEH": "0", "REST_W": 0, "REST_H": 0, "C-ITS": "0", "LENGTH": 12.027255245977001, "UPDATEDATE": "20250512", "REMARK": null, "HIST_TYPE": "LINK0001", "HISTREMARK": null }, "geometry": { "type": "LineString", "coordinates": [ [ 198797.332259485730901, 546229.685590108507313 ], [ 198785.350069139938569, 546228.645405860850587 ] ] } },
{ "type": "Feature", "properties": { "LINK_ID": "1020005910", "F_NODE": "1020092100", "T_NODE": "1020146400", "LANES": 3, "ROAD_RANK": "104", "ROAD_TYPE": "000", "ROAD_NO": "-", "ROAD_NAME": "서빙고로", "ROAD_USE": "0", "MULTI_LINK": "0", "CONNECT": "0", "MAX_SPD": 50, "REST_VEH": "0", "REST_W": 0, "REST_H": 0, "C-ITS": "0", "LENGTH": 83.876784270835998, "UPDATEDATE": "20250512", "REMARK": null, "HIST_TYPE": "LINK1007", "HISTREMARK": "1020005903" }, "geometry": { "type": "LineString", "coordinates": [ [ 197250.669527764664963, 547172.318671473534778 ], [ 197317.876797396689653, 547122.134033901616931 ] ] } }
]
}
